attacker_delay,outcome,attacker_start_time,Document_lookup_start,Document_lookup_end,Blob_fetch_start,Blob_fetch_end,Initial_sec_validation_start,Initial_sec_validation_end,Document_marked_safe_start,Document_marked_safe_end,Dispatch_to_agent_start,Dispatch_to_agent_end,LLM_inference_start,LLM_inference_end,Agent_retrieves_document_state_start,Agent_retrieves_document_state_end,Agent_retrieves_document_start,Agent_retrieves_document_end,attacker_modify_time,attacker_modify_done,blob_read_time
1,leak,14:15:51.468831,14:15:51.468831,14:15:51.469245,14:15:51.469245,14:15:51.470366,14:15:51.470366,14:15:51.472616,14:15:51.472616,14:15:51.482790,14:15:51.482811,14:15:51.495953,14:15:51.505068,14:15:51.951367,14:15:51.495968,14:15:51.501969,14:15:51.957734,14:15:51.963844,14:15:51.470435,14:15:51.470532,14:15:51.469875
1,leak,14:15:56.280537,14:15:56.280537,14:15:56.280953,14:15:56.280953,14:15:56.282146,14:15:56.282146,14:15:56.283637,14:15:56.283637,14:15:56.293110,14:15:56.293129,14:15:56.305526,14:15:56.313971,14:15:56.760071,14:15:56.305539,14:15:56.310960,14:15:56.766411,14:15:56.771945,14:15:56.281908,14:15:56.281993,14:15:56.281602
1,safe,14:15:59.369332,14:15:59.369332,14:15:59.369676,14:15:59.369676,14:15:59.371017,14:15:59.371017,14:15:59.372450,14:15:59.372450,14:15:59.381612,14:15:59.381635,14:15:59.399053,14:15:59.407624,14:15:59.852132,14:15:59.399068,14:15:59.404652,14:15:59.858152,14:15:59.863763,14:15:59.370941,14:15:59.371021,14:15:59.370390
1,safe,14:16:04.566828,14:16:04.566828,14:16:04.567238,14:16:04.567238,14:16:04.568664,14:16:04.568664,14:16:04.570834,14:16:04.570834,14:16:04.579969,14:16:04.579992,14:16:04.591054,14:16:04.599941,14:16:05.047312,14:16:04.591065,14:16:04.596964,14:16:05.053130,14:16:05.058837,14:16:04.589542,14:16:04.589645,14:16:04.567985
1,leak,14:16:09.812105,14:16:09.812105,14:16:09.812547,14:16:09.812547,14:16:09.813888,14:16:09.813888,14:16:09.816115,14:16:09.816115,14:16:09.825509,14:16:09.825526,14:16:09.835811,14:16:09.844038,14:16:10.284274,14:16:09.835821,14:16:09.841172,14:16:10.290270,14:16:10.296269,14:16:09.827681,14:16:09.827781,14:16:09.813238
1,leak,14:16:14.639041,14:16:14.639041,14:16:14.639443,14:16:14.639443,14:16:14.640599,14:16:14.640599,14:16:14.642020,14:16:14.642020,14:16:14.652379,14:16:14.652398,14:16:14.663449,14:16:14.671870,14:16:15.121501,14:16:14.663459,14:16:14.668876,14:16:15.127546,14:16:15.133989,14:16:14.640387,14:16:14.640476,14:16:14.640070
1,leak,14:16:19.381809,14:16:19.381809,14:16:19.382223,14:16:19.382223,14:16:19.383402,14:16:19.383402,14:16:19.384882,14:16:19.384882,14:16:19.394163,14:16:19.394184,14:16:19.405342,14:16:19.413581,14:16:19.858194,14:16:19.405352,14:16:19.410562,14:16:19.864048,14:16:19.870065,14:16:19.383107,14:16:19.383182,14:16:19.382842
1,safe,14:16:22.699978,14:16:22.699978,14:16:22.700370,14:16:22.700370,14:16:22.701542,14:16:22.701542,14:16:22.702907,14:16:22.702907,14:16:22.712114,14:16:22.712135,14:16:22.726157,14:16:22.734800,14:16:23.174961,14:16:22.726170,14:16:22.731736,14:16:23.181009,14:16:23.186814,14:16:22.701241,14:16:22.701314,14:16:22.701012
1,safe,14:16:27.949079,14:16:27.949079,14:16:27.949430,14:16:27.949430,14:16:27.950677,14:16:27.950677,14:16:27.953000,14:16:27.953000,14:16:27.962761,14:16:27.962789,14:16:27.977164,14:16:27.986200,14:16:28.427593,14:16:27.977177,14:16:27.983132,14:16:28.433500,14:16:28.439039,14:16:27.950915,14:16:27.951026,14:16:27.950125
1,leak,14:16:33.177198,14:16:33.177198,14:16:33.177612,14:16:33.177612,14:16:33.178984,14:16:33.178984,14:16:33.181297,14:16:33.181297,14:16:33.190668,14:16:33.190691,14:16:33.202390,14:16:33.210792,14:16:33.657593,14:16:33.202400,14:16:33.207978,14:16:33.663770,14:16:33.668951,14:16:33.198217,14:16:33.198316,14:16:33.178250
2,leak,14:16:36.925854,14:16:36.925854,14:16:36.926255,14:16:36.926255,14:16:36.927403,14:16:36.927403,14:16:36.929046,14:16:36.929046,14:16:36.938492,14:16:36.938556,14:16:36.952559,14:16:36.960961,14:16:37.399557,14:16:36.952572,14:16:36.957976,14:16:37.405489,14:16:37.411244,14:16:36.928259,14:16:36.928344,14:16:36.926890
2,leak,14:16:40.209341,14:16:40.209341,14:16:40.209748,14:16:40.209748,14:16:40.211074,14:16:40.211074,14:16:40.212736,14:16:40.212736,14:16:40.222218,14:16:40.222249,14:16:40.236867,14:16:40.246054,14:16:40.687860,14:16:40.236880,14:16:40.242789,14:16:40.693947,14:16:40.699403,14:16:40.212147,14:16:40.212270,14:16:40.210433
2,safe,14:16:43.925693,14:16:43.925693,14:16:43.926066,14:16:43.926066,14:16:43.927274,14:16:43.927274,14:16:43.929154,14:16:43.929154,14:16:43.938600,14:16:43.938624,14:16:43.952789,14:16:43.961573,14:16:44.403614,14:16:43.952801,14:16:43.958232,14:16:44.409648,14:16:44.415180,14:16:43.928008,14:16:43.928098,14:16:43.926739
2,leak,14:16:49.092896,14:16:49.092896,14:16:49.093291,14:16:49.093291,14:16:49.094618,14:16:49.094618,14:16:49.096885,14:16:49.096885,14:16:49.106022,14:16:49.106044,14:16:49.117332,14:16:49.125828,14:16:49.566663,14:16:49.117342,14:16:49.122815,14:16:49.572675,14:16:49.578150,14:16:49.095810,14:16:49.095999,14:16:49.093909
2,leak,14:16:53.914572,14:16:53.914572,14:16:53.914955,14:16:53.914955,14:16:53.916043,14:16:53.916043,14:16:53.917407,14:16:53.917407,14:16:53.926627,14:16:53.926649,14:16:53.944735,14:16:53.953268,14:16:54.400400,14:16:53.944746,14:16:53.950376,14:16:54.406263,14:16:54.411429,14:16:53.917023,14:16:53.917109,14:16:53.915564
2,safe,14:16:57.224879,14:16:57.224879,14:16:57.225227,14:16:57.225227,14:16:57.226322,14:16:57.226322,14:16:57.227804,14:16:57.227804,14:16:57.237628,14:16:57.237645,14:16:57.250902,14:16:57.259302,14:16:57.698285,14:16:57.250915,14:16:57.256348,14:16:57.704421,14:16:57.709776,14:16:57.227464,14:16:57.227549,14:16:57.225832
2,safe,14:17:02.330845,14:17:02.330845,14:17:02.331218,14:17:02.331218,14:17:02.332878,14:17:02.332878,14:17:02.335582,14:17:02.335582,14:17:02.346220,14:17:02.346258,14:17:02.361362,14:17:02.371673,14:17:02.833658,14:17:02.361380,14:17:02.368293,14:17:02.839917,14:17:02.845584,14:17:02.333961,14:17:02.334094,14:17:02.332023
2,safe,14:17:07.465772,14:17:07.465772,14:17:07.466212,14:17:07.466212,14:17:07.467440,14:17:07.467440,14:17:07.469638,14:17:07.469638,14:17:07.536010,14:17:07.536043,14:17:07.547733,14:17:07.555977,14:17:08.000586,14:17:07.547744,14:17:07.553081,14:17:08.006616,14:17:08.012338,14:17:07.480149,14:17:07.480248,14:17:07.466905
2,leak,14:17:12.995470,14:17:12.995470,14:17:12.995825,14:17:12.995825,14:17:12.997161,14:17:12.997161,14:17:12.999442,14:17:12.999442,14:17:13.072565,14:17:13.072604,14:17:13.084252,14:17:13.093065,14:17:13.544919,14:17:13.084262,14:17:13.090064,14:17:13.551307,14:17:13.557505,14:17:13.019386,14:17:13.019511,14:17:12.996583
2,leak,14:17:17.920326,14:17:17.920326,14:17:17.920905,14:17:17.920905,14:17:17.922306,14:17:17.922306,14:17:17.923725,14:17:17.923725,14:17:17.971451,14:17:17.971478,14:17:17.983092,14:17:17.991584,14:17:18.435460,14:17:17.983102,14:17:17.988498,14:17:18.441754,14:17:18.447280,14:17:17.922709,14:17:17.922842,14:17:17.921611
3,leak,14:17:21.231569,14:17:21.231569,14:17:21.232014,14:17:21.232014,14:17:21.233196,14:17:21.233196,14:17:21.234675,14:17:21.234675,14:17:21.276100,14:17:21.276147,14:17:21.290868,14:17:21.300683,14:17:21.745890,14:17:21.290883,14:17:21.297316,14:17:21.751839,14:17:21.757431,14:17:21.235077,14:17:21.235164,14:17:21.232694
3,leak,14:17:26.145656,14:17:26.145656,14:17:26.146154,14:17:26.146154,14:17:26.147455,14:17:26.147455,14:17:26.148888,14:17:26.148888,14:17:26.195107,14:17:26.195140,14:17:26.206529,14:17:26.215216,14:17:26.658706,14:17:26.206540,14:17:26.212224,14:17:26.665083,14:17:26.670551,14:17:26.148925,14:17:26.149013,14:17:26.146871
3,leak,14:17:29.467479,14:17:29.467479,14:17:29.467968,14:17:29.467968,14:17:29.469194,14:17:29.469194,14:17:29.470726,14:17:29.470726,14:17:29.517818,14:17:29.517883,14:17:29.531683,14:17:29.540396,14:17:29.980220,14:17:29.531696,14:17:29.537317,14:17:29.986418,14:17:29.991532,14:17:29.470567,14:17:29.470680,14:17:29.468642
3,safe,14:17:33.251678,14:17:33.251678,14:17:33.252138,14:17:33.252138,14:17:33.253448,14:17:33.253448,14:17:33.254778,14:17:33.254778,14:17:33.296403,14:17:33.296435,14:17:33.310236,14:17:33.318902,14:17:33.763085,14:17:33.310250,14:17:33.315840,14:17:33.769277,14:17:33.774643,14:17:33.254786,14:17:33.254884,14:17:33.252912
3,leak,14:17:38.396279,14:17:38.396279,14:17:38.396813,14:17:38.396813,14:17:38.398215,14:17:38.398215,14:17:38.400779,14:17:38.400779,14:17:38.494012,14:17:38.494056,14:17:38.506090,14:17:38.515163,14:17:38.965454,14:17:38.506101,14:17:38.512128,14:17:38.971742,14:17:38.977317,14:17:38.411816,14:17:38.411918,14:17:38.397636
3,safe,14:17:42.101850,14:17:42.101850,14:17:42.102283,14:17:42.102283,14:17:42.103674,14:17:42.103674,14:17:42.105395,14:17:42.105395,14:17:42.157590,14:17:42.157621,14:17:42.171420,14:17:42.180202,14:17:42.628125,14:17:42.171432,14:17:42.177201,14:17:42.635301,14:17:42.641141,14:17:42.105348,14:17:42.105444,14:17:42.103030
3,leak,14:17:47.494663,14:17:47.494663,14:17:47.495071,14:17:47.495071,14:17:47.496268,14:17:47.496268,14:17:47.498476,14:17:47.498476,14:17:47.565554,14:17:47.565584,14:17:47.584518,14:17:47.593463,14:17:48.037236,14:17:47.584529,14:17:47.590378,14:17:48.043105,14:17:48.048934,14:17:47.520959,14:17:47.521068,14:17:47.495706
3,leak,14:17:51.282731,14:17:51.282731,14:17:51.283153,14:17:51.283153,14:17:51.284565,14:17:51.284565,14:17:51.286120,14:17:51.286120,14:17:51.326117,14:17:51.326143,14:17:51.382239,14:17:51.390970,14:17:51.832914,14:17:51.382252,14:17:51.387923,14:17:51.841130,14:17:51.846856,14:17:51.286486,14:17:51.286583,14:17:51.283889
3,leak,14:17:55.169567,14:17:55.169567,14:17:55.170001,14:17:55.170001,14:17:55.171486,14:17:55.171486,14:17:55.173143,14:17:55.173143,14:17:55.218323,14:17:55.218359,14:17:55.232277,14:17:55.241009,14:17:55.679446,14:17:55.232291,14:17:55.237852,14:17:55.685634,14:17:55.690871,14:17:55.173026,14:17:55.173116,14:17:55.170745
3,safe,14:17:59.179707,14:17:59.179707,14:17:59.180113,14:17:59.180113,14:17:59.181468,14:17:59.181468,14:17:59.182946,14:17:59.182946,14:17:59.223965,14:17:59.223990,14:17:59.237311,14:17:59.245543,14:17:59.685797,14:17:59.237324,14:17:59.242660,14:17:59.691928,14:17:59.697280,14:17:59.182903,14:17:59.182996,14:17:59.180855
4,leak,14:18:04.539056,14:18:04.539056,14:18:04.539519,14:18:04.539519,14:18:04.540930,14:18:04.540930,14:18:04.543534,14:18:04.543534,14:18:04.588939,14:18:04.588969,14:18:04.600217,14:18:04.608819,14:18:05.057500,14:18:04.600228,14:18:04.605788,14:18:05.063792,14:18:05.069154,14:18:04.567783,14:18:04.567905,14:18:04.540314
4,safe,14:18:07.716460,14:18:07.716460,14:18:07.716929,14:18:07.716929,14:18:07.718378,14:18:07.718378,14:18:07.719874,14:18:07.719874,14:18:07.787614,14:18:07.787660,14:18:07.801876,14:18:07.810896,14:18:08.252339,14:18:07.801890,14:18:07.807774,14:18:08.258307,14:18:08.263941,14:18:07.720748,14:18:07.721000,14:18:07.717732
4,safe,14:18:13.059139,14:18:13.059139,14:18:13.059558,14:18:13.059558,14:18:13.060823,14:18:13.060823,14:18:13.063075,14:18:13.063075,14:18:13.072429,14:18:13.072457,14:18:13.085681,14:18:13.094382,14:18:13.539626,14:18:13.085713,14:18:13.091329,14:18:13.545505,14:18:13.551144,14:18:13.084400,14:18:13.084595,14:18:13.060233
4,leak,14:18:18.114279,14:18:18.114279,14:18:18.114704,14:18:18.114704,14:18:18.115857,14:18:18.115857,14:18:18.118079,14:18:18.118079,14:18:18.127343,14:18:18.127366,14:18:18.138476,14:18:18.147155,14:18:18.590470,14:18:18.138486,14:18:18.144124,14:18:18.596251,14:18:18.601561,14:18:18.130588,14:18:18.130683,14:18:18.115357
4,leak,14:18:21.312595,14:18:21.312595,14:18:21.312989,14:18:21.312989,14:18:21.314199,14:18:21.314199,14:18:21.315799,14:18:21.315799,14:18:21.329825,14:18:21.329846,14:18:21.343538,14:18:21.352405,14:18:21.807075,14:18:21.343551,14:18:21.349200,14:18:21.813490,14:18:21.819265,14:18:21.316991,14:18:21.317082,14:18:21.313648
4,leak,14:18:25.013074,14:18:25.013074,14:18:25.013449,14:18:25.013449,14:18:25.014595,14:18:25.014595,14:18:25.016148,14:18:25.016148,14:18:25.030036,14:18:25.030061,14:18:25.044117,14:18:25.052899,14:18:25.501774,14:18:25.044130,14:18:25.049742,14:18:25.508115,14:18:25.513723,14:18:25.017709,14:18:25.017820,14:18:25.014080
4,leak,14:18:28.813285,14:18:28.813285,14:18:28.813666,14:18:28.813666,14:18:28.814834,14:18:28.814834,14:18:28.816473,14:18:28.816473,14:18:28.831267,14:18:28.831298,14:18:28.845699,14:18:28.854228,14:18:29.293944,14:18:28.845713,14:18:28.851297,14:18:29.299762,14:18:29.304947,14:18:28.817659,14:18:28.817870,14:18:28.814253
4,leak,14:18:31.993088,14:18:31.993088,14:18:31.993476,14:18:31.993476,14:18:31.994742,14:18:31.994742,14:18:31.996169,14:18:31.996169,14:18:32.009612,14:18:32.009640,14:18:32.024121,14:18:32.032884,14:18:32.475804,14:18:32.024136,14:18:32.029857,14:18:32.482547,14:18:32.488475,14:18:31.997332,14:18:31.997412,14:18:31.994177
4,leak,14:18:35.204163,14:18:35.204163,14:18:35.204476,14:18:35.204476,14:18:35.205531,14:18:35.205531,14:18:35.206877,14:18:35.206877,14:18:35.220152,14:18:35.220178,14:18:35.233135,14:18:35.242027,14:18:35.688046,14:18:35.233146,14:18:35.238962,14:18:35.694493,14:18:35.700263,14:18:35.209067,14:18:35.209165,14:18:35.205048
4,leak,14:18:38.403611,14:18:38.403611,14:18:38.404067,14:18:38.404067,14:18:38.405478,14:18:38.405478,14:18:38.407079,14:18:38.407079,14:18:38.421662,14:18:38.421702,14:18:38.445225,14:18:38.454310,14:18:38.898954,14:18:38.445238,14:18:38.450893,14:18:38.905213,14:18:38.910899,14:18:38.408089,14:18:38.408185,14:18:38.404883
5,leak,14:18:42.148913,14:18:42.148913,14:18:42.149300,14:18:42.149300,14:18:42.150491,14:18:42.150491,14:18:42.151917,14:18:42.151917,14:18:42.165115,14:18:42.165136,14:18:42.178949,14:18:42.187999,14:18:42.644578,14:18:42.178962,14:18:42.184912,14:18:42.651914,14:18:42.658401,14:18:42.154292,14:18:42.154393,14:18:42.149928
5,leak,14:18:45.396136,14:18:45.396136,14:18:45.396528,14:18:45.396528,14:18:45.397685,14:18:45.397685,14:18:45.399093,14:18:45.399093,14:18:45.413325,14:18:45.413347,14:18:45.427127,14:18:45.435870,14:18:45.875795,14:18:45.427141,14:18:45.432782,14:18:45.882167,14:18:45.888233,14:18:45.401439,14:18:45.401527,14:18:45.397118
5,safe,14:18:48.671539,14:18:48.671539,14:18:48.671933,14:18:48.671933,14:18:48.673068,14:18:48.673068,14:18:48.674401,14:18:48.674401,14:18:48.687695,14:18:48.687718,14:18:48.700719,14:18:48.709168,14:18:49.149423,14:18:48.700732,14:18:48.706247,14:18:49.155170,14:18:49.160549,14:18:48.676929,14:18:48.677008,14:18:48.672578
5,leak,14:18:53.737895,14:18:53.737895,14:18:53.738301,14:18:53.738301,14:18:53.739493,14:18:53.739493,14:18:53.741655,14:18:53.741655,14:18:53.756241,14:18:53.756267,14:18:53.767567,14:18:53.775874,14:18:54.229307,14:18:53.767577,14:18:53.773035,14:18:54.235056,14:18:54.240108,14:18:53.743752,14:18:53.743857,14:18:53.738935
5,safe,14:18:57.501287,14:18:57.501287,14:18:57.501675,14:18:57.501675,14:18:57.502771,14:18:57.502771,14:18:57.504130,14:18:57.504130,14:18:57.517518,14:18:57.517544,14:18:57.530941,14:18:57.539511,14:18:57.987998,14:18:57.530954,14:18:57.536535,14:18:57.994172,14:18:57.999247,14:18:57.506474,14:18:57.506572,14:18:57.502310
5,leak,14:19:02.766368,14:19:02.766368,14:19:02.766935,14:19:02.766935,14:19:02.768289,14:19:02.768289,14:19:02.770435,14:19:02.770435,14:19:02.779761,14:19:02.779787,14:19:02.791187,14:19:02.800158,14:19:03.255140,14:19:02.791197,14:19:02.796953,14:19:03.261205,14:19:03.266667,14:19:02.787643,14:19:02.787754,14:19:02.767680
5,safe,14:19:07.593599,14:19:07.593599,14:19:07.593978,14:19:07.593978,14:19:07.595289,14:19:07.595289,14:19:07.596845,14:19:07.596845,14:19:07.611303,14:19:07.611321,14:19:07.621922,14:19:07.630619,14:19:08.079431,14:19:07.621932,14:19:07.627523,14:19:08.085916,14:19:08.091399,14:19:07.598802,14:19:07.598886,14:19:07.594602
5,safe,14:19:12.857725,14:19:12.857725,14:19:12.858100,14:19:12.858100,14:19:12.859368,14:19:12.859368,14:19:12.861722,14:19:12.861722,14:19:12.873233,14:19:12.873253,14:19:12.887181,14:19:12.895703,14:19:13.342159,14:19:12.887195,14:19:12.892537,14:19:13.348214,14:19:13.353833,14:19:12.879468,14:19:12.879604,14:19:12.858775
5,leak,14:19:18.105567,14:19:18.105567,14:19:18.105954,14:19:18.105954,14:19:18.107069,14:19:18.107069,14:19:18.109339,14:19:18.109339,14:19:18.119745,14:19:18.119766,14:19:18.132950,14:19:18.141182,14:19:18.592568,14:19:18.132962,14:19:18.138272,14:19:18.598928,14:19:18.604219,14:19:18.128722,14:19:18.128844,14:19:18.106521
5,safe,14:19:21.748371,14:19:21.748371,14:19:21.748801,14:19:21.748801,14:19:21.749961,14:19:21.749961,14:19:21.751453,14:19:21.751453,14:19:21.764639,14:19:21.764656,14:19:21.778398,14:19:21.787300,14:19:22.228983,14:19:21.778412,14:19:21.784136,14:19:22.235070,14:19:22.240475,14:19:21.753863,14:19:21.753950,14:19:21.749447
6,safe,14:19:26.843344,14:19:26.843344,14:19:26.843694,14:19:26.843694,14:19:26.844799,14:19:26.844799,14:19:26.846937,14:19:26.846937,14:19:26.856326,14:19:26.856357,14:19:26.870678,14:19:26.879234,14:19:27.332668,14:19:26.870692,14:19:26.876266,14:19:27.339185,14:19:27.345095,14:19:26.862120,14:19:26.862232,14:19:26.844296
6,safe,14:19:32.083031,14:19:32.083031,14:19:32.083450,14:19:32.083450,14:19:32.084597,14:19:32.084597,14:19:32.087010,14:19:32.087010,14:19:32.100329,14:19:32.100348,14:19:32.122352,14:19:32.131543,14:19:32.582720,14:19:32.122364,14:19:32.128309,14:19:32.589475,14:19:32.595324,14:19:32.089928,14:19:32.090014,14:19:32.084097
6,leak,14:19:37.340863,14:19:37.340863,14:19:37.341245,14:19:37.341245,14:19:37.342319,14:19:37.342319,14:19:37.344656,14:19:37.344656,14:19:37.354853,14:19:37.354875,14:19:37.370132,14:19:37.378949,14:19:37.835661,14:19:37.370145,14:19:37.375883,14:19:37.842372,14:19:37.848022,14:19:37.360316,14:19:37.360409,14:19:37.341811
6,safe,14:19:41.118055,14:19:41.118055,14:19:41.118417,14:19:41.118417,14:19:41.119500,14:19:41.119500,14:19:41.120878,14:19:41.120878,14:19:41.135201,14:19:41.135229,14:19:41.149332,14:19:41.158059,14:19:41.606943,14:19:41.149349,14:19:41.155048,14:19:41.613003,14:19:41.618577,14:19:41.124587,14:19:41.124681,14:19:41.119029
6,leak,14:19:46.465405,14:19:46.465405,14:19:46.465794,14:19:46.465794,14:19:46.466898,14:19:46.466898,14:19:46.469101,14:19:46.469101,14:19:46.478666,14:19:46.478697,14:19:46.492743,14:19:46.501287,14:19:46.967900,14:19:46.492757,14:19:46.498286,14:19:46.974366,14:19:46.980971,14:19:46.491911,14:19:46.492023,14:19:46.466430
6,leak,14:19:51.298769,14:19:51.298769,14:19:51.299177,14:19:51.299177,14:19:51.300252,14:19:51.300252,14:19:51.301690,14:19:51.301690,14:19:51.314945,14:19:51.314965,14:19:51.328543,14:19:51.337036,14:19:51.778826,14:19:51.328556,14:19:51.334101,14:19:51.784884,14:19:51.789809,14:19:51.305128,14:19:51.305232,14:19:51.299751
6,leak,14:19:54.588496,14:19:54.588496,14:19:54.588857,14:19:54.588857,14:19:54.590001,14:19:54.590001,14:19:54.591429,14:19:54.591429,14:19:54.605623,14:19:54.605651,14:19:54.619691,14:19:54.628638,14:19:55.083779,14:19:54.619706,14:19:54.625547,14:19:55.090294,14:19:55.096295,14:19:54.595144,14:19:54.595233,14:19:54.589489
6,leak,14:19:57.702094,14:19:57.702094,14:19:57.702431,14:19:57.702431,14:19:57.703570,14:19:57.703570,14:19:57.705058,14:19:57.705058,14:19:57.718377,14:19:57.718403,14:19:57.732740,14:19:57.741590,14:19:58.185226,14:19:57.732751,14:19:57.738449,14:19:58.191429,14:19:58.197067,14:19:57.708576,14:19:57.708697,14:19:57.703078
6,safe,14:20:01.374074,14:20:01.374074,14:20:01.374373,14:20:01.374373,14:20:01.375453,14:20:01.375453,14:20:01.376817,14:20:01.376817,14:20:01.389220,14:20:01.389243,14:20:01.403449,14:20:01.412300,14:20:01.861978,14:20:01.403461,14:20:01.409164,14:20:01.868351,14:20:01.874150,14:20:01.380492,14:20:01.380580,14:20:01.374957
6,safe,14:20:06.593134,14:20:06.593134,14:20:06.593430,14:20:06.593430,14:20:06.594469,14:20:06.594469,14:20:06.596688,14:20:06.596688,14:20:06.606104,14:20:06.606126,14:20:06.619720,14:20:06.628816,14:20:07.067099,14:20:06.619732,14:20:06.625696,14:20:07.073455,14:20:07.078824,14:20:06.623101,14:20:06.623223,14:20:06.594020
7,leak,14:20:11.852219,14:20:11.852219,14:20:11.852565,14:20:11.852565,14:20:11.853683,14:20:11.853683,14:20:11.855875,14:20:11.855875,14:20:11.864978,14:20:11.864998,14:20:11.878291,14:20:11.887144,14:20:12.327179,14:20:11.878304,14:20:11.883931,14:20:12.333430,14:20:12.338874,14:20:11.880541,14:20:11.880680,14:20:11.853129
7,leak,14:20:16.680764,14:20:16.680764,14:20:16.681088,14:20:16.681088,14:20:16.682308,14:20:16.682308,14:20:16.683676,14:20:16.683676,14:20:16.697902,14:20:16.697931,14:20:16.711393,14:20:16.719927,14:20:17.165527,14:20:16.711407,14:20:16.716826,14:20:17.172058,14:20:17.177886,14:20:16.688014,14:20:16.688099,14:20:16.681710
7,leak,14:20:20.102169,14:20:20.102169,14:20:20.102510,14:20:20.102510,14:20:20.103565,14:20:20.103565,14:20:20.105126,14:20:20.105126,14:20:20.119244,14:20:20.119266,14:20:20.132650,14:20:20.141503,14:20:20.581890,14:20:20.132665,14:20:20.138395,14:20:20.587840,14:20:20.593053,14:20:20.109569,14:20:20.109663,14:20:20.103093
7,leak,14:20:23.202473,14:20:23.202473,14:20:23.202832,14:20:23.202832,14:20:23.204145,14:20:23.204145,14:20:23.205579,14:20:23.205579,14:20:23.220245,14:20:23.220267,14:20:23.241864,14:20:23.250295,14:20:23.694536,14:20:23.241880,14:20:23.247350,14:20:23.701451,14:20:23.707252,14:20:23.209770,14:20:23.209874,14:20:23.203516
7,safe,14:20:26.610450,14:20:26.610450,14:20:26.610858,14:20:26.610858,14:20:26.612104,14:20:26.612104,14:20:26.613905,14:20:26.613905,14:20:26.627710,14:20:26.627738,14:20:26.641865,14:20:26.650266,14:20:27.083085,14:20:26.641878,14:20:26.647305,14:20:27.089026,14:20:27.095501,14:20:26.618058,14:20:26.618162,14:20:26.611505
7,leak,14:20:32.035273,14:20:32.035273,14:20:32.035614,14:20:32.035614,14:20:32.036747,14:20:32.036747,14:20:32.038927,14:20:32.038927,14:20:32.048111,14:20:32.048141,14:20:32.061844,14:20:32.070716,14:20:32.534623,14:20:32.061855,14:20:32.067526,14:20:32.542411,14:20:32.550404,14:20:32.055547,14:20:32.055659,14:20:32.036191
7,leak,14:20:35.174546,14:20:35.174546,14:20:35.174875,14:20:35.174875,14:20:35.176017,14:20:35.176017,14:20:35.177462,14:20:35.177462,14:20:35.191268,14:20:35.191296,14:20:35.205463,14:20:35.213907,14:20:35.645123,14:20:35.205476,14:20:35.210930,14:20:35.651103,14:20:35.656489,14:20:35.181837,14:20:35.181928,14:20:35.175517
7,leak,14:20:39.922917,14:20:39.922917,14:20:39.923327,14:20:39.923327,14:20:39.924595,14:20:39.924595,14:20:39.926036,14:20:39.926036,14:20:39.940368,14:20:39.940396,14:20:39.954012,14:20:39.962555,14:20:40.414792,14:20:39.954025,14:20:39.959430,14:20:40.420812,14:20:40.426281,14:20:39.930098,14:20:39.930189,14:20:39.924033
7,leak,14:20:43.748653,14:20:43.748653,14:20:43.749237,14:20:43.749237,14:20:43.750439,14:20:43.750439,14:20:43.751745,14:20:43.751745,14:20:43.764977,14:20:43.764999,14:20:43.778749,14:20:43.787073,14:20:44.234599,14:20:43.778762,14:20:43.784166,14:20:44.241006,14:20:44.246806,14:20:43.755983,14:20:43.756064,14:20:43.749900
7,leak,14:20:47.509586,14:20:47.509586,14:20:47.509927,14:20:47.509927,14:20:47.511086,14:20:47.511086,14:20:47.512505,14:20:47.512505,14:20:47.526118,14:20:47.526138,14:20:47.539407,14:20:47.547652,14:20:47.997801,14:20:47.539420,14:20:47.544777,14:20:48.004633,14:20:48.010831,14:20:47.516806,14:20:47.516897,14:20:47.510526
8,leak,14:20:52.332993,14:20:52.332993,14:20:52.333301,14:20:52.333301,14:20:52.334351,14:20:52.334351,14:20:52.335793,14:20:52.335793,14:20:52.347054,14:20:52.347076,14:20:52.360641,14:20:52.369377,14:20:52.826768,14:20:52.360654,14:20:52.366028,14:20:52.833268,14:20:52.839486,14:20:52.341273,14:20:52.341359,14:20:52.333860
8,leak,14:20:55.455476,14:20:55.455476,14:20:55.455904,14:20:55.455904,14:20:55.457094,14:20:55.457094,14:20:55.458515,14:20:55.458515,14:20:55.467641,14:20:55.467658,14:20:55.480834,14:20:55.489361,14:20:55.945540,14:20:55.480847,14:20:55.486250,14:20:55.952018,14:20:55.957633,14:20:55.464191,14:20:55.464286,14:20:55.456547
8,leak,14:20:59.411119,14:20:59.411119,14:20:59.411491,14:20:59.411491,14:20:59.412653,14:20:59.412653,14:20:59.414380,14:20:59.414380,14:20:59.424435,14:20:59.424472,14:20:59.439839,14:20:59.448493,14:20:59.890724,14:20:59.439897,14:20:59.445360,14:20:59.896908,14:20:59.904293,14:20:59.419953,14:20:59.420054,14:20:59.412128
8,safe,14:21:02.709232,14:21:02.709232,14:21:02.710256,14:21:02.710256,14:21:02.712286,14:21:02.712286,14:21:02.714123,14:21:02.714123,14:21:02.730832,14:21:02.730879,14:21:02.747174,14:21:02.758828,14:21:03.215407,14:21:02.747230,14:21:02.755215,14:21:03.221319,14:21:03.226816,14:21:02.717452,14:21:02.717639,14:21:02.711516
8,safe,14:21:08.216791,14:21:08.216791,14:21:08.217140,14:21:08.217140,14:21:08.218339,14:21:08.218339,14:21:08.220778,14:21:08.220778,14:21:08.230007,14:21:08.230028,14:21:08.243636,14:21:08.252330,14:21:08.714626,14:21:08.243649,14:21:08.249230,14:21:08.721125,14:21:08.726888,14:21:08.245233,14:21:08.245354,14:21:08.217691
8,safe,14:21:13.391146,14:21:13.391146,14:21:13.391609,14:21:13.391609,14:21:13.392726,14:21:13.392726,14:21:13.394995,14:21:13.394995,14:21:13.405329,14:21:13.405351,14:21:13.427332,14:21:13.436503,14:21:13.881773,14:21:13.427345,14:21:13.433416,14:21:13.888117,14:21:13.893298,14:21:13.416348,14:21:13.416473,14:21:13.392202
8,leak,14:21:18.424053,14:21:18.424053,14:21:18.424446,14:21:18.424446,14:21:18.425552,14:21:18.425552,14:21:18.427694,14:21:18.427694,14:21:18.436888,14:21:18.436910,14:21:18.450777,14:21:18.459170,14:21:18.912257,14:21:18.450790,14:21:18.456066,14:21:18.918620,14:21:18.924637,14:21:18.457821,14:21:18.457950,14:21:18.425079
8,safe,14:21:23.210424,14:21:23.210424,14:21:23.210745,14:21:23.210745,14:21:23.211916,14:21:23.211916,14:21:23.213461,14:21:23.213461,14:21:23.222450,14:21:23.222471,14:21:23.235910,14:21:23.244735,14:21:23.688171,14:21:23.235922,14:21:23.241579,14:21:23.694171,14:21:23.699512,14:21:23.219189,14:21:23.219276,14:21:23.211378
8,safe,14:21:28.313210,14:21:28.313210,14:21:28.313619,14:21:28.313619,14:21:28.314773,14:21:28.314773,14:21:28.317048,14:21:28.317048,14:21:28.326294,14:21:28.326316,14:21:28.339665,14:21:28.348930,14:21:28.807361,14:21:28.339679,14:21:28.345917,14:21:28.813634,14:21:28.819737,14:21:28.334224,14:21:28.334319,14:21:28.314230
8,leak,14:21:33.646312,14:21:33.646312,14:21:33.646707,14:21:33.646707,14:21:33.647888,14:21:33.647888,14:21:33.650260,14:21:33.650260,14:21:33.659594,14:21:33.659622,14:21:33.674054,14:21:33.682608,14:21:34.126111,14:21:33.674070,14:21:33.679699,14:21:34.132017,14:21:34.138248,14:21:33.669101,14:21:33.669202,14:21:33.647357
9,safe,14:21:38.398561,14:21:38.398561,14:21:38.399030,14:21:38.399030,14:21:38.400300,14:21:38.400300,14:21:38.401719,14:21:38.401719,14:21:38.411440,14:21:38.411466,14:21:38.427191,14:21:38.436207,14:21:38.897700,14:21:38.427205,14:21:38.433129,14:21:38.904618,14:21:38.910643,14:21:38.408073,14:21:38.408179,14:21:38.399766
9,leak,14:21:43.774884,14:21:43.774884,14:21:43.775305,14:21:43.775305,14:21:43.776610,14:21:43.776610,14:21:43.778938,14:21:43.778938,14:21:43.788212,14:21:43.788235,14:21:43.803137,14:21:43.811972,14:21:44.269755,14:21:43.803151,14:21:43.809011,14:21:44.276058,14:21:44.281956,14:21:43.800533,14:21:43.800670,14:21:43.776045
9,leak,14:21:47.372070,14:21:47.372070,14:21:47.372457,14:21:47.372457,14:21:47.373575,14:21:47.373575,14:21:47.374977,14:21:47.374977,14:21:47.385159,14:21:47.385176,14:21:47.398619,14:21:47.407098,14:21:47.837656,14:21:47.398634,14:21:47.404107,14:21:47.843591,14:21:47.849316,14:21:47.381582,14:21:47.381668,14:21:47.373076
9,leak,14:21:50.566224,14:21:50.566224,14:21:50.566609,14:21:50.566609,14:21:50.567771,14:21:50.567771,14:21:50.569266,14:21:50.569266,14:21:50.578511,14:21:50.578531,14:21:50.591844,14:21:50.600917,14:21:51.040782,14:21:50.591857,14:21:50.597825,14:21:51.046809,14:21:51.052108,14:21:50.575746,14:21:50.575840,14:21:50.567199
9,safe,14:21:54.251302,14:21:54.251302,14:21:54.251685,14:21:54.251685,14:21:54.252783,14:21:54.252783,14:21:54.254156,14:21:54.254156,14:21:54.263289,14:21:54.263306,14:21:54.277052,14:21:54.285514,14:21:54.731937,14:21:54.277066,14:21:54.282605,14:21:54.739205,14:21:54.745390,14:21:54.260789,14:21:54.260920,14:21:54.252274
9,safe,14:21:59.372987,14:21:59.372987,14:21:59.373354,14:21:59.373354,14:21:59.374608,14:21:59.374608,14:21:59.376950,14:21:59.376950,14:21:59.386122,14:21:59.386143,14:21:59.399608,14:21:59.408464,14:21:59.868420,14:21:59.399619,14:21:59.405328,14:21:59.875025,14:21:59.880905,14:21:59.399980,14:21:59.400084,14:21:59.374006
9,leak,14:22:04.804453,14:22:04.804453,14:22:04.804809,14:22:04.804809,14:22:04.805897,14:22:04.805897,14:22:04.808133,14:22:04.808133,14:22:04.817309,14:22:04.817329,14:22:04.831191,14:22:04.840009,14:22:05.309536,14:22:04.831204,14:22:04.836934,14:22:05.316002,14:22:05.322064,14:22:04.824184,14:22:04.824278,14:22:04.805395
9,leak,14:22:07.944919,14:22:07.944919,14:22:07.945251,14:22:07.945251,14:22:07.946407,14:22:07.946407,14:22:07.947837,14:22:07.947837,14:22:07.957151,14:22:07.957172,14:22:07.979364,14:22:07.987801,14:22:08.418735,14:22:07.979376,14:22:07.984845,14:22:08.425313,14:22:08.430884,14:22:07.954661,14:22:07.954751,14:22:07.945897
9,safe,14:22:12.689505,14:22:12.689505,14:22:12.690087,14:22:12.690087,14:22:12.691885,14:22:12.691885,14:22:12.693830,14:22:12.693830,14:22:12.708732,14:22:12.708787,14:22:12.725352,14:22:12.735638,14:22:13.219214,14:22:12.725368,14:22:12.731800,14:22:13.226164,14:22:13.231765,14:22:12.698926,14:22:12.699075,14:22:12.691030
9,safe,14:22:17.806807,14:22:17.806807,14:22:17.807178,14:22:17.807178,14:22:17.808351,14:22:17.808351,14:22:17.810636,14:22:17.810636,14:22:17.819795,14:22:17.819816,14:22:17.833600,14:22:17.842532,14:22:18.286878,14:22:17.833612,14:22:17.839340,14:22:18.293063,14:22:18.298752,14:22:17.840075,14:22:17.840187,14:22:17.807810
10,leak,14:22:23.094201,14:22:23.094201,14:22:23.094613,14:22:23.094613,14:22:23.095774,14:22:23.095774,14:22:23.098063,14:22:23.098063,14:22:23.107266,14:22:23.107288,14:22:23.121152,14:22:23.130136,14:22:23.574892,14:22:23.121164,14:22:23.127093,14:22:23.582154,14:22:23.587742,14:22:23.122651,14:22:23.122779,14:22:23.095238
10,safe,14:22:26.828288,14:22:26.828288,14:22:26.828701,14:22:26.828701,14:22:26.829853,14:22:26.829853,14:22:26.831370,14:22:26.831370,14:22:26.840742,14:22:26.840765,14:22:26.854396,14:22:26.862773,14:22:27.309818,14:22:26.854409,14:22:26.859818,14:22:27.316053,14:22:27.322142,14:22:26.838802,14:22:26.838908,14:22:26.829341
10,safe,14:22:31.961087,14:22:31.961087,14:22:31.961443,14:22:31.961443,14:22:31.962514,14:22:31.962514,14:22:31.964781,14:22:31.964781,14:22:31.973880,14:22:31.973904,14:22:31.988234,14:22:31.996916,14:22:32.438883,14:22:31.988246,14:22:31.993849,14:22:32.445350,14:22:32.450732,14:22:31.988991,14:22:31.989120,14:22:31.962027
10,leak,14:22:37.339696,14:22:37.339696,14:22:37.340076,14:22:37.340076,14:22:37.341272,14:22:37.341272,14:22:37.343694,14:22:37.343694,14:22:37.355387,14:22:37.355407,14:22:37.369674,14:22:37.378571,14:22:37.825427,14:22:37.369688,14:22:37.375602,14:22:37.831319,14:22:37.836852,14:22:37.361697,14:22:37.361807,14:22:37.340708
10,leak,14:22:41.092696,14:22:41.092696,14:22:41.093011,14:22:41.093011,14:22:41.094219,14:22:41.094219,14:22:41.095632,14:22:41.095632,14:22:41.104924,14:22:41.104943,14:22:41.118515,14:22:41.127283,14:22:41.579036,14:22:41.118531,14:22:41.124255,14:22:41.585781,14:22:41.591725,14:22:41.102904,14:22:41.103004,14:22:41.093619
10,leak,14:22:44.730059,14:22:44.730059,14:22:44.730456,14:22:44.730456,14:22:44.731527,14:22:44.731527,14:22:44.732932,14:22:44.732932,14:22:44.742255,14:22:44.742278,14:22:44.756133,14:22:44.764629,14:22:45.211830,14:22:44.756156,14:22:44.761570,14:22:45.217566,14:22:45.222925,14:22:44.740556,14:22:44.740669,14:22:44.731026
10,safe,14:22:48.012928,14:22:48.012928,14:22:48.013364,14:22:48.013364,14:22:48.014527,14:22:48.014527,14:22:48.015909,14:22:48.015909,14:22:48.025074,14:22:48.025095,14:22:48.039071,14:22:48.047667,14:22:48.483638,14:22:48.039085,14:22:48.044650,14:22:48.489741,14:22:48.495168,14:22:48.023491,14:22:48.023575,14:22:48.013975
10,leak,14:22:53.293930,14:22:53.293930,14:22:53.294308,14:22:53.294308,14:22:53.295452,14:22:53.295452,14:22:53.297600,14:22:53.297600,14:22:53.307276,14:22:53.307297,14:22:53.320568,14:22:53.329241,14:22:53.766846,14:22:53.320581,14:22:53.326342,14:22:53.772723,14:22:53.778126,14:22:53.305202,14:22:53.305312,14:22:53.294897
10,leak,14:22:57.978434,14:22:57.978434,14:22:57.978835,14:22:57.978835,14:22:57.980026,14:22:57.980026,14:22:57.981334,14:22:57.981334,14:22:57.990429,14:22:57.990450,14:22:58.004240,14:22:58.013311,14:22:58.457625,14:22:58.004255,14:22:58.010106,14:22:58.463717,14:22:58.469112,14:22:57.988579,14:22:57.988659,14:22:57.979498
10,leak,14:23:01.284668,14:23:01.284668,14:23:01.285015,14:23:01.285015,14:23:01.286105,14:23:01.286105,14:23:01.287518,14:23:01.287518,14:23:01.296561,14:23:01.296588,14:23:01.318155,14:23:01.327125,14:23:01.761664,14:23:01.318169,14:23:01.324089,14:23:01.767796,14:23:01.773152,14:23:01.295047,14:23:01.295151,14:23:01.285616
20,safe,14:23:05.062992,14:23:05.062992,14:23:05.063390,14:23:05.063390,14:23:05.064902,14:23:05.064902,14:23:05.066401,14:23:05.066401,14:23:05.075761,14:23:05.075778,14:23:05.089510,14:23:05.097781,14:23:05.556177,14:23:05.089535,14:23:05.094819,14:23:05.563021,14:23:05.568798,14:23:05.083352,14:23:05.083446,14:23:05.064187
20,leak,14:23:10.315761,14:23:10.315761,14:23:10.316158,14:23:10.316158,14:23:10.317306,14:23:10.317306,14:23:10.319676,14:23:10.319676,14:23:10.328936,14:23:10.328964,14:23:10.343012,14:23:10.351496,14:23:10.795979,14:23:10.343041,14:23:10.348649,14:23:10.801917,14:23:10.807375,14:23:10.336623,14:23:10.336727,14:23:10.316756
20,leak,14:23:15.156993,14:23:15.156993,14:23:15.157360,14:23:15.157360,14:23:15.158427,14:23:15.158427,14:23:15.159911,14:23:15.159911,14:23:15.168874,14:23:15.168898,14:23:15.182616,14:23:15.191733,14:23:15.648817,14:23:15.182627,14:23:15.188274,14:23:15.655467,14:23:15.661099,14:23:15.177787,14:23:15.177902,14:23:15.157962
20,leak,14:23:18.527942,14:23:18.527942,14:23:18.528327,14:23:18.528327,14:23:18.529382,14:23:18.529382,14:23:18.530918,14:23:18.530918,14:23:18.540782,14:23:18.540811,14:23:18.554750,14:23:18.563398,14:23:19.005265,14:23:18.554776,14:23:18.560390,14:23:19.011393,14:23:19.016637,14:23:18.548653,14:23:18.548766,14:23:18.528916
20,leak,14:23:21.754593,14:23:21.754593,14:23:21.754906,14:23:21.754906,14:23:21.756031,14:23:21.756031,14:23:21.757361,14:23:21.757361,14:23:21.766369,14:23:21.766392,14:23:21.780148,14:23:21.788719,14:23:22.245560,14:23:21.780162,14:23:21.785679,14:23:22.251988,14:23:22.257429,14:23:21.774960,14:23:21.775058,14:23:21.755484
20,leak,14:23:26.594391,14:23:26.594391,14:23:26.594847,14:23:26.594847,14:23:26.595983,14:23:26.595983,14:23:26.597796,14:23:26.597796,14:23:26.606842,14:23:26.606864,14:23:26.620922,14:23:26.629438,14:23:27.085336,14:23:26.620934,14:23:26.626358,14:23:27.092026,14:23:27.097661,14:23:26.615218,14:23:26.615318,14:23:26.595445
20,leak,14:23:31.228194,14:23:31.228194,14:23:31.228556,14:23:31.228556,14:23:31.229706,14:23:31.229706,14:23:31.231198,14:23:31.231198,14:23:31.240445,14:23:31.240475,14:23:31.254552,14:23:31.262886,14:23:31.705245,14:23:31.254564,14:23:31.259948,14:23:31.711481,14:23:31.716813,14:23:31.248828,14:23:31.248932,14:23:31.229176
20,leak,14:23:34.950518,14:23:34.950518,14:23:34.951004,14:23:34.951004,14:23:34.952299,14:23:34.952299,14:23:34.953688,14:23:34.953688,14:23:34.963511,14:23:34.963529,14:23:34.977520,14:23:34.986107,14:23:35.434426,14:23:34.977533,14:23:34.982959,14:23:35.441391,14:23:35.447085,14:23:34.971135,14:23:34.971240,14:23:34.951733
20,leak,14:23:38.358580,14:23:38.358580,14:23:38.358976,14:23:38.358976,14:23:38.360032,14:23:38.360032,14:23:38.361534,14:23:38.361534,14:23:38.371193,14:23:38.371212,14:23:38.385353,14:23:38.394271,14:23:38.836747,14:23:38.385386,14:23:38.391332,14:23:38.842827,14:23:38.848008,14:23:38.378970,14:23:38.379067,14:23:38.359553
20,leak,14:23:43.187720,14:23:43.187720,14:23:43.188043,14:23:43.188043,14:23:43.189146,14:23:43.189146,14:23:43.190507,14:23:43.190507,14:23:43.199699,14:23:43.199722,14:23:43.213186,14:23:43.221756,14:23:43.661662,14:23:43.213199,14:23:43.218649,14:23:43.667875,14:23:43.673480,14:23:43.208222,14:23:43.208327,14:23:43.188575
40,leak,14:23:46.894664,14:23:46.894664,14:23:46.895006,14:23:46.895006,14:23:46.896043,14:23:46.896043,14:23:46.897425,14:23:46.897425,14:23:46.906915,14:23:46.906945,14:23:46.920788,14:23:46.929455,14:23:47.389356,14:23:46.920801,14:23:46.926378,14:23:47.396051,14:23:47.402209,14:23:46.935408,14:23:46.935558,14:23:46.895567
40,leak,14:23:50.704704,14:23:50.704704,14:23:50.705105,14:23:50.705105,14:23:50.706283,14:23:50.706283,14:23:50.707861,14:23:50.707861,14:23:50.716872,14:23:50.716901,14:23:50.740731,14:23:50.749592,14:23:51.187979,14:23:50.740745,14:23:50.746427,14:23:51.193682,14:23:51.199322,14:23:50.745404,14:23:50.745638,14:23:50.705730
40,safe,14:23:54.678387,14:23:54.678387,14:23:54.678817,14:23:54.678817,14:23:54.680009,14:23:54.680009,14:23:54.681385,14:23:54.681385,14:23:54.690494,14:23:54.690516,14:23:54.704470,14:23:54.712579,14:23:55.165222,14:23:54.704483,14:23:54.709702,14:23:55.171444,14:23:55.176772,14:23:54.719176,14:23:54.719328,14:23:54.679483
40,leak,14:23:59.974175,14:23:59.974175,14:23:59.974581,14:23:59.974581,14:23:59.975821,14:23:59.975821,14:23:59.978065,14:23:59.978065,14:23:59.987241,14:23:59.987260,14:24:00.000554,14:24:00.009367,14:24:00.460025,14:24:00.000568,14:24:00.006434,14:24:00.466411,14:24:00.472321,14:24:00.027193,14:24:00.027414,14:23:59.975280
40,safe,14:24:03.107944,14:24:03.107944,14:24:03.108392,14:24:03.108392,14:24:03.109602,14:24:03.109602,14:24:03.110977,14:24:03.110977,14:24:03.119996,14:24:03.120017,14:24:03.133319,14:24:03.141685,14:24:03.588788,14:24:03.133331,14:24:03.138788,14:24:03.594936,14:24:03.600614,14:24:03.148757,14:24:03.148910,14:24:03.109061
40,leak,14:24:08.236935,14:24:08.236935,14:24:08.237318,14:24:08.237318,14:24:08.238671,14:24:08.238671,14:24:08.241039,14:24:08.241039,14:24:08.250194,14:24:08.250215,14:24:08.263438,14:24:08.272094,14:24:08.711736,14:24:08.263451,14:24:08.268997,14:24:08.717919,14:24:08.723541,14:24:08.297451,14:24:08.297668,14:24:08.237944
40,leak,14:24:11.464756,14:24:11.464756,14:24:11.465150,14:24:11.465150,14:24:11.466299,14:24:11.466299,14:24:11.467660,14:24:11.467660,14:24:11.480152,14:24:11.480170,14:24:11.493355,14:24:11.501783,14:24:11.951537,14:24:11.493367,14:24:11.498756,14:24:11.957893,14:24:11.963808,14:24:11.505738,14:24:11.505872,14:24:11.465781
40,leak,14:24:14.669794,14:24:14.669794,14:24:14.670176,14:24:14.670176,14:24:14.671395,14:24:14.671395,14:24:14.672939,14:24:14.672939,14:24:14.682054,14:24:14.682083,14:24:14.696817,14:24:14.705902,14:24:15.145827,14:24:14.696836,14:24:14.702730,14:24:15.151702,14:24:15.156995,14:24:14.710356,14:24:14.710483,14:24:14.670845
40,safe,14:24:19.478996,14:24:19.478996,14:24:19.479426,14:24:19.479426,14:24:19.480699,14:24:19.480699,14:24:19.482044,14:24:19.482044,14:24:19.491066,14:24:19.491083,14:24:19.504409,14:24:19.512764,14:24:19.953903,14:24:19.504429,14:24:19.509897,14:24:19.960196,14:24:19.965671,14:24:19.519981,14:24:19.520129,14:24:19.480068
40,leak,14:24:24.533641,14:24:24.533641,14:24:24.533996,14:24:24.533996,14:24:24.535362,14:24:24.535362,14:24:24.537750,14:24:24.537750,14:24:24.547442,14:24:24.547458,14:24:24.560880,14:24:24.570163,14:24:25.013113,14:24:24.560894,14:24:24.567027,14:24:25.019218,14:24:25.024847,14:24:24.588748,14:24:24.588943,14:24:24.534601
60,safe,14:24:28.315610,14:24:28.315610,14:24:28.315961,14:24:28.315961,14:24:28.316958,14:24:28.316958,14:24:28.318357,14:24:28.318357,14:24:28.327429,14:24:28.327457,14:24:28.341394,14:24:28.350408,14:24:28.787304,14:24:28.341408,14:24:28.347110,14:24:28.793194,14:24:28.798599,14:24:28.376502,14:24:28.376685,14:24:28.316494
60,leak,14:24:33.539042,14:24:33.539042,14:24:33.539391,14:24:33.539391,14:24:33.540551,14:24:33.540551,14:24:33.542746,14:24:33.542746,14:24:33.551872,14:24:33.551894,14:24:33.565071,14:24:33.573379,14:24:34.012363,14:24:33.565085,14:24:33.570468,14:24:34.018422,14:24:34.023698,14:24:33.612601,14:24:33.612824,14:24:33.540034
60,leak,14:24:38.348675,14:24:38.348675,14:24:38.349102,14:24:38.349102,14:24:38.350395,14:24:38.350395,14:24:38.351748,14:24:38.351748,14:24:38.360759,14:24:38.360779,14:24:38.374262,14:24:38.382411,14:24:38.825220,14:24:38.374275,14:24:38.379484,14:24:38.831661,14:24:38.837103,14:24:38.409731,14:24:38.409959,14:24:38.349747
60,leak,14:24:41.757094,14:24:41.757094,14:24:41.757489,14:24:41.757489,14:24:41.758602,14:24:41.758602,14:24:41.759934,14:24:41.759934,14:24:41.769870,14:24:41.769897,14:24:41.784093,14:24:41.801517,14:24:42.239919,14:24:41.784118,14:24:41.798426,14:24:42.245843,14:24:42.251211,14:24:41.818455,14:24:41.818821,14:24:41.758120
60,safe,14:24:46.533043,14:24:46.533043,14:24:46.533455,14:24:46.533455,14:24:46.534557,14:24:46.534557,14:24:46.535936,14:24:46.535936,14:24:46.545586,14:24:46.545603,14:24:46.559426,14:24:46.568224,14:24:47.006946,14:24:46.559438,14:24:46.565147,14:24:47.013127,14:24:47.018577,14:24:46.594257,14:24:46.594465,14:24:46.534074
60,leak,14:24:51.666248,14:24:51.666248,14:24:51.666721,14:24:51.666721,14:24:51.667970,14:24:51.667970,14:24:51.670313,14:24:51.670313,14:24:51.680125,14:24:51.680148,14:24:51.694139,14:24:51.703283,14:24:52.145196,14:24:51.694154,14:24:51.700054,14:24:52.150989,14:24:52.156553,14:24:51.727839,14:24:51.728036,14:24:51.667440
60,leak,14:24:55.421894,14:24:55.421894,14:24:55.422276,14:24:55.422276,14:24:55.423336,14:24:55.423336,14:24:55.424639,14:24:55.424639,14:24:55.433648,14:24:55.433671,14:24:55.447747,14:24:55.456255,14:24:55.892835,14:24:55.447760,14:24:55.453351,14:24:55.899461,14:24:55.905346,14:24:55.482949,14:24:55.483154,14:24:55.422861
60,leak,14:25:00.182483,14:25:00.182483,14:25:00.182871,14:25:00.182871,14:25:00.184006,14:25:00.184006,14:25:00.185328,14:25:00.185328,14:25:00.194600,14:25:00.194621,14:25:00.208640,14:25:00.217070,14:25:00.668978,14:25:00.208656,14:25:00.214052,14:25:00.675554,14:25:00.680974,14:25:00.243272,14:25:00.243452,14:25:00.183456
60,leak,14:25:03.883537,14:25:03.883537,14:25:03.883892,14:25:03.883892,14:25:03.884913,14:25:03.884913,14:25:03.886252,14:25:03.886252,14:25:03.896027,14:25:03.896061,14:25:03.910355,14:25:03.919182,14:25:04.370272,14:25:03.910370,14:25:03.916059,14:25:04.376477,14:25:04.382477,14:25:03.944371,14:25:03.944609,14:25:03.884440
60,leak,14:25:07.701183,14:25:07.701183,14:25:07.701577,14:25:07.701577,14:25:07.702728,14:25:07.702728,14:25:07.704062,14:25:07.704062,14:25:07.713696,14:25:07.713717,14:25:07.727093,14:25:07.735818,14:25:08.177323,14:25:07.727105,14:25:07.732683,14:25:08.183772,14:25:08.189234,14:25:07.761958,14:25:07.762189,14:25:07.702240
80,safe,14:25:10.984800,14:25:10.984800,14:25:10.985155,14:25:10.985155,14:25:10.986206,14:25:10.986206,14:25:10.987504,14:25:10.987504,14:25:10.996543,14:25:10.996608,14:25:11.010401,14:25:11.019164,14:25:11.467455,14:25:11.010457,14:25:11.016191,14:25:11.473917,14:25:11.479979,14:25:11.065502,14:25:11.065675,14:25:10.985740
80,leak,14:25:16.289980,14:25:16.289980,14:25:16.290366,14:25:16.290366,14:25:16.291544,14:25:16.291544,14:25:16.293873,14:25:16.293873,14:25:16.303397,14:25:16.303420,14:25:16.317329,14:25:16.325571,14:25:16.769110,14:25:16.317341,14:25:16.322683,14:25:16.775013,14:25:16.780321,14:25:16.392034,14:25:16.392196,14:25:16.291010
80,safe,14:25:19.491969,14:25:19.491969,14:25:19.492414,14:25:19.492414,14:25:19.493747,14:25:19.493747,14:25:19.495109,14:25:19.495109,14:25:19.504262,14:25:19.504280,14:25:19.517752,14:25:19.526517,14:25:19.967300,14:25:19.517796,14:25:19.523343,14:25:19.973374,14:25:19.978522,14:25:19.572845,14:25:19.573017,14:25:19.493179
80,safe,14:25:24.864191,14:25:24.864191,14:25:24.864541,14:25:24.864541,14:25:24.865690,14:25:24.865690,14:25:24.868360,14:25:24.868360,14:25:24.878238,14:25:24.878260,14:25:24.891575,14:25:24.900278,14:25:25.367336,14:25:24.891588,14:25:24.897142,14:25:25.373677,14:25:25.379407,14:25:24.969767,14:25:24.969950,14:25:24.865148
80,leak,14:25:29.779958,14:25:29.779958,14:25:29.780370,14:25:29.780370,14:25:29.781572,14:25:29.781572,14:25:29.783119,14:25:29.783119,14:25:29.792222,14:25:29.792243,14:25:29.806193,14:25:29.814699,14:25:30.261817,14:25:29.806207,14:25:29.811788,14:25:30.267904,14:25:30.273280,14:25:29.861045,14:25:29.861245,14:25:29.781012
80,leak,14:25:33.566058,14:25:33.566058,14:25:33.566383,14:25:33.566383,14:25:33.567605,14:25:33.567605,14:25:33.568937,14:25:33.568937,14:25:33.578031,14:25:33.578048,14:25:33.599835,14:25:33.608529,14:25:34.047161,14:25:33.599850,14:25:33.605396,14:25:34.053246,14:25:34.058603,14:25:33.647191,14:25:33.647392,14:25:33.566998
80,leak,14:25:37.310322,14:25:37.310322,14:25:37.310706,14:25:37.310706,14:25:37.311762,14:25:37.311762,14:25:37.313111,14:25:37.313111,14:25:37.322225,14:25:37.322253,14:25:37.336709,14:25:37.345730,14:25:37.804705,14:25:37.336722,14:25:37.342555,14:25:37.811050,14:25:37.816842,14:25:37.391608,14:25:37.391807,14:25:37.311250
80,leak,14:25:40.633765,14:25:40.633765,14:25:40.634166,14:25:40.634166,14:25:40.635383,14:25:40.635383,14:25:40.637093,14:25:40.637093,14:25:40.646298,14:25:40.646317,14:25:40.660766,14:25:40.669514,14:25:41.110250,14:25:40.660779,14:25:40.666384,14:25:41.116252,14:25:41.121513,14:25:40.714354,14:25:40.714517,14:25:40.634834
80,safe,14:25:45.414964,14:25:45.414964,14:25:45.415334,14:25:45.415334,14:25:45.416387,14:25:45.416387,14:25:45.417717,14:25:45.417717,14:25:45.429497,14:25:45.429521,14:25:45.443623,14:25:45.452182,14:25:45.913176,14:25:45.443636,14:25:45.449061,14:25:45.919778,14:25:45.925842,14:25:45.496093,14:25:45.496296,14:25:45.415913
80,safe,14:25:50.673704,14:25:50.673704,14:25:50.674100,14:25:50.674100,14:25:50.675326,14:25:50.675326,14:25:50.677618,14:25:50.677618,14:25:50.689739,14:25:50.689757,14:25:50.703781,14:25:50.712712,14:25:51.153449,14:25:50.703800,14:25:50.709705,14:25:51.159595,14:25:51.165138,14:25:50.768954,14:25:50.769114,14:25:50.674770
100,leak,14:25:55.846117,14:25:55.846117,14:25:55.846580,14:25:55.846580,14:25:55.847787,14:25:55.847787,14:25:55.849988,14:25:55.849988,14:25:55.859579,14:25:55.859600,14:25:55.872938,14:25:55.881797,14:25:56.330806,14:25:55.872951,14:25:55.878658,14:25:56.336854,14:25:56.342215,14:25:55.947110,14:25:55.947268,14:25:55.847228
100,leak,14:26:00.620241,14:26:00.620241,14:26:00.620619,14:26:00.620619,14:26:00.621720,14:26:00.621720,14:26:00.623114,14:26:00.623114,14:26:00.632220,14:26:00.632242,14:26:00.646026,14:26:00.654140,14:26:01.105928,14:26:00.646038,14:26:00.651206,14:26:01.112709,14:26:01.118964,14:26:00.721383,14:26:00.721558,14:26:00.621227
100,leak,14:26:03.738671,14:26:03.738671,14:26:03.739058,14:26:03.739058,14:26:03.740634,14:26:03.740634,14:26:03.742304,14:26:03.742304,14:26:03.751474,14:26:03.751504,14:26:03.765780,14:26:03.774446,14:26:04.209533,14:26:03.765793,14:26:03.771327,14:26:04.215637,14:26:04.221711,14:26:03.839630,14:26:03.839792,14:26:03.739809
100,leak,14:26:06.846013,14:26:06.846013,14:26:06.846426,14:26:06.846426,14:26:06.847591,14:26:06.847591,14:26:06.848903,14:26:06.848903,14:26:06.858041,14:26:06.858065,14:26:06.871894,14:26:06.880502,14:26:07.321081,14:26:06.871907,14:26:06.877321,14:26:07.327029,14:26:07.332845,14:26:06.946993,14:26:06.947160,14:26:06.847084
100,leak,14:26:10.827883,14:26:10.827883,14:26:10.828264,14:26:10.828264,14:26:10.829376,14:26:10.829376,14:26:10.830772,14:26:10.830772,14:26:10.839906,14:26:10.839927,14:26:10.853718,14:26:10.862248,14:26:11.314806,14:26:10.853731,14:26:10.859138,14:26:11.321322,14:26:11.327064,14:26:10.928632,14:26:10.928796,14:26:10.828875
100,safe,14:26:14.081473,14:26:14.081473,14:26:14.081885,14:26:14.081885,14:26:14.083026,14:26:14.083026,14:26:14.084595,14:26:14.084595,14:26:14.093741,14:26:14.093771,14:26:14.108236,14:26:14.116813,14:26:14.556736,14:26:14.108279,14:26:14.113805,14:26:14.562867,14:26:14.568123,14:26:14.182211,14:26:14.182371,14:26:14.082506
100,leak,14:26:19.142307,14:26:19.142307,14:26:19.142723,14:26:19.142723,14:26:19.143990,14:26:19.143990,14:26:19.146583,14:26:19.146583,14:26:19.155957,14:26:19.155984,14:26:19.170613,14:26:19.179858,14:26:19.635585,14:26:19.170625,14:26:19.176852,14:26:19.642008,14:26:19.647984,14:26:19.243992,14:26:19.244147,14:26:19.143383
100,leak,14:26:22.408031,14:26:22.408031,14:26:22.408509,14:26:22.408509,14:26:22.409847,14:26:22.409847,14:26:22.411416,14:26:22.411416,14:26:22.420877,14:26:22.420898,14:26:22.444104,14:26:22.453161,14:26:22.888430,14:26:22.444148,14:26:22.450091,14:26:22.896701,14:26:22.905172,14:26:22.509325,14:26:22.509514,14:26:22.409216
100,safe,14:26:25.527489,14:26:25.527489,14:26:25.527845,14:26:25.527845,14:26:25.528921,14:26:25.528921,14:26:25.530325,14:26:25.530325,14:26:25.539399,14:26:25.539428,14:26:25.553060,14:26:25.561788,14:26:25.996324,14:26:25.553073,14:26:25.558857,14:26:26.002810,14:26:26.008450,14:26:25.628431,14:26:25.628627,14:26:25.528437
100,leak,14:26:30.751768,14:26:30.751768,14:26:30.752218,14:26:30.752218,14:26:30.753549,14:26:30.753549,14:26:30.755786,14:26:30.755786,14:26:30.765217,14:26:30.765239,14:26:30.778766,14:26:30.787578,14:26:31.235432,14:26:30.778779,14:26:30.784464,14:26:31.241493,14:26:31.247265,14:26:30.868613,14:26:30.868808,14:26:30.752933
150,leak,14:26:34.510238,14:26:34.510238,14:26:34.510660,14:26:34.510660,14:26:34.511794,14:26:34.511794,14:26:34.513147,14:26:34.513147,14:26:34.522287,14:26:34.522308,14:26:34.535675,14:26:34.544703,14:26:34.981652,14:26:34.535688,14:26:34.541352,14:26:34.987821,14:26:34.993779,14:26:34.661083,14:26:34.661265,14:26:34.511300
150,leak,14:26:38.301347,14:26:38.301347,14:26:38.301712,14:26:38.301712,14:26:38.302977,14:26:38.302977,14:26:38.304438,14:26:38.304438,14:26:38.314382,14:26:38.314403,14:26:38.328146,14:26:38.336778,14:26:38.777141,14:26:38.328159,14:26:38.333683,14:26:38.783324,14:26:38.789125,14:26:38.452461,14:26:38.452679,14:26:38.302416
150,leak,14:26:41.922178,14:26:41.922178,14:26:41.922574,14:26:41.922574,14:26:41.923694,14:26:41.923694,14:26:41.925121,14:26:41.925121,14:26:41.934220,14:26:41.934249,14:26:41.947451,14:26:41.956460,14:26:42.398053,14:26:41.947463,14:26:41.953425,14:26:42.404589,14:26:42.410250,14:26:42.073126,14:26:42.073310,14:26:41.923221
150,safe,14:26:45.732794,14:26:45.732794,14:26:45.733158,14:26:45.733158,14:26:45.734313,14:26:45.734313,14:26:45.735620,14:26:45.735620,14:26:45.744763,14:26:45.744792,14:26:45.757986,14:26:45.766776,14:26:46.203923,14:26:45.758008,14:26:45.763764,14:26:46.209817,14:26:46.215129,14:26:45.883794,14:26:45.883956,14:26:45.733815
150,safe,14:26:50.959461,14:26:50.959461,14:26:50.959802,14:26:50.959802,14:26:50.960966,14:26:50.960966,14:26:50.963141,14:26:50.963141,14:26:50.972273,14:26:50.972292,14:26:50.985457,14:26:50.994394,14:26:51.432474,14:26:50.985470,14:26:50.991239,14:26:51.438392,14:26:51.443847,14:26:51.110858,14:26:51.111061,14:26:50.960396
150,safe,14:26:55.999749,14:26:55.999749,14:26:56.000088,14:26:56.000088,14:26:56.001287,14:26:56.001287,14:26:56.003443,14:26:56.003443,14:26:56.012971,14:26:56.013001,14:26:56.025957,14:26:56.034717,14:26:56.484882,14:26:56.025970,14:26:56.031701,14:26:56.491577,14:26:56.497549,14:26:56.171345,14:26:56.171505,14:26:56.000771
150,leak,14:27:01.255326,14:27:01.255326,14:27:01.255735,14:27:01.255735,14:27:01.256882,14:27:01.256882,14:27:01.259256,14:27:01.259256,14:27:01.269000,14:27:01.269025,14:27:01.283043,14:27:01.291553,14:27:01.730008,14:27:01.283055,14:27:01.288643,14:27:01.735955,14:27:01.741368,14:27:01.419060,14:27:01.419256,14:27:01.256297
150,leak,14:27:04.547724,14:27:04.547724,14:27:04.548121,14:27:04.548121,14:27:04.549241,14:27:04.549241,14:27:04.550573,14:27:04.550573,14:27:04.559477,14:27:04.559506,14:27:04.573223,14:27:04.582085,14:27:05.019643,14:27:04.573236,14:27:04.578959,14:27:05.025859,14:27:05.031819,14:27:04.698671,14:27:04.698831,14:27:04.548773
150,safe,14:27:07.757841,14:27:07.757841,14:27:07.758285,14:27:07.758285,14:27:07.759419,14:27:07.759419,14:27:07.760712,14:27:07.760712,14:27:07.770055,14:27:07.770079,14:27:07.783779,14:27:07.792169,14:27:08.228695,14:27:07.783791,14:27:07.789158,14:27:08.234634,14:27:08.239994,14:27:07.908521,14:27:07.908675,14:27:07.758899
150,leak,14:27:12.981485,14:27:12.981485,14:27:12.982143,14:27:12.982143,14:27:12.984357,14:27:12.984357,14:27:12.987424,14:27:12.987424,14:27:12.998953,14:27:12.999002,14:27:13.029816,14:27:13.039587,14:27:13.500651,14:27:13.029837,14:27:13.036360,14:27:13.507709,14:27:13.513480,14:27:13.132732,14:27:13.132880,14:27:12.983496
200,leak,14:27:16.750910,14:27:16.750910,14:27:16.751341,14:27:16.751341,14:27:16.752438,14:27:16.752438,14:27:16.753966,14:27:16.753966,14:27:16.763016,14:27:16.763038,14:27:16.778149,14:27:16.786709,14:27:17.222718,14:27:16.778222,14:27:16.783824,14:27:17.228650,14:27:17.234168,14:27:16.951979,14:27:16.952174,14:27:16.751948
200,safe,14:27:20.556323,14:27:20.556323,14:27:20.556679,14:27:20.556679,14:27:20.557864,14:27:20.557864,14:27:20.559382,14:27:20.559382,14:27:20.569316,14:27:20.569346,14:27:20.583577,14:27:20.592353,14:27:21.032237,14:27:20.583590,14:27:20.589070,14:27:21.038243,14:27:21.043880,14:27:20.757180,14:27:20.757338,14:27:20.557283
200,leak,14:27:25.633326,14:27:25.633326,14:27:25.633742,14:27:25.633742,14:27:25.634850,14:27:25.634850,14:27:25.637098,14:27:25.637098,14:27:25.648687,14:27:25.648706,14:27:25.661753,14:27:25.670562,14:27:26.113845,14:27:25.661766,14:27:25.667405,14:27:26.119948,14:27:26.125314,14:27:25.834735,14:27:25.834901,14:27:25.634366
200,leak,14:27:28.931670,14:27:28.931670,14:27:28.932018,14:27:28.932018,14:27:28.933315,14:27:28.933315,14:27:28.934731,14:27:28.934731,14:27:28.944123,14:27:28.944149,14:27:28.957795,14:27:28.966020,14:27:29.412621,14:27:28.957814,14:27:28.963082,14:27:29.419017,14:27:29.424921,14:27:29.132250,14:27:29.132405,14:27:28.932639
200,safe,14:27:32.605568,14:27:32.605568,14:27:32.606022,14:27:32.606022,14:27:32.607293,14:27:32.607293,14:27:32.609100,14:27:32.609100,14:27:32.618810,14:27:32.618832,14:27:32.633144,14:27:32.641789,14:27:33.089201,14:27:32.633159,14:27:32.638848,14:27:33.095835,14:27:33.101991,14:27:32.806370,14:27:32.806556,14:27:32.606725
200,leak,14:27:37.660057,14:27:37.660057,14:27:37.660440,14:27:37.660440,14:27:37.661566,14:27:37.661566,14:27:37.663830,14:27:37.663830,14:27:37.672962,14:27:37.672986,14:27:37.686791,14:27:37.696089,14:27:38.151180,14:27:37.686804,14:27:37.692690,14:27:38.157674,14:27:38.163629,14:27:37.878595,14:27:37.878772,14:27:37.661060
200,safe,14:27:41.388941,14:27:41.388941,14:27:41.389314,14:27:41.389314,14:27:41.390380,14:27:41.390380,14:27:41.391956,14:27:41.391956,14:27:41.400953,14:27:41.400971,14:27:41.415199,14:27:41.424220,14:27:41.866154,14:27:41.415212,14:27:41.420961,14:27:41.872095,14:27:41.877711,14:27:41.589732,14:27:41.589927,14:27:41.389923
200,safe,14:27:46.609318,14:27:46.609318,14:27:46.609722,14:27:46.609722,14:27:46.610930,14:27:46.610930,14:27:46.613105,14:27:46.613105,14:27:46.622578,14:27:46.622609,14:27:46.636289,14:27:46.644992,14:27:47.085676,14:27:46.636304,14:27:46.641868,14:27:47.091782,14:27:47.097253,14:27:46.825881,14:27:46.826032,14:27:46.610384
200,safe,14:27:51.991199,14:27:51.991199,14:27:51.991626,14:27:51.991626,14:27:51.992892,14:27:51.992892,14:27:51.995270,14:27:51.995270,14:27:52.007778,14:27:52.007800,14:27:52.021482,14:27:52.030051,14:27:52.476807,14:27:52.021496,14:27:52.027001,14:27:52.482786,14:27:52.488332,14:27:52.208830,14:27:52.208988,14:27:51.992218
200,safe,14:27:57.272301,14:27:57.272301,14:27:57.272645,14:27:57.272645,14:27:57.273836,14:27:57.273836,14:27:57.276078,14:27:57.276078,14:27:57.285360,14:27:57.285381,14:27:57.298695,14:27:57.306866,14:27:57.746199,14:27:57.298708,14:27:57.303948,14:27:57.752120,14:27:57.757448,14:27:57.495043,14:27:57.495207,14:27:57.273246
250,leak,14:28:02.510060,14:28:02.510060,14:28:02.510495,14:28:02.510495,14:28:02.511758,14:28:02.511758,14:28:02.514125,14:28:02.514125,14:28:02.523437,14:28:02.523465,14:28:02.536981,14:28:02.545691,14:28:02.993377,14:28:02.536994,14:28:02.542515,14:28:03.002898,14:28:03.014762,14:28:02.774082,14:28:02.774245,14:28:02.511191
250,leak,14:28:06.244356,14:28:06.244356,14:28:06.244777,14:28:06.244777,14:28:06.245986,14:28:06.245986,14:28:06.247322,14:28:06.247322,14:28:06.257533,14:28:06.257555,14:28:06.279710,14:28:06.288332,14:28:06.743252,14:28:06.279722,14:28:06.285356,14:28:06.749724,14:28:06.755539,14:28:06.495880,14:28:06.496092,14:28:06.245470
250,leak,14:28:09.397451,14:28:09.397451,14:28:09.397834,14:28:09.397834,14:28:09.399071,14:28:09.399071,14:28:09.400708,14:28:09.400708,14:28:09.410066,14:28:09.410093,14:28:09.424935,14:28:09.433770,14:28:09.868517,14:28:09.424965,14:28:09.430383,14:28:09.874518,14:28:09.880887,14:28:09.648412,14:28:09.648620,14:28:09.398468
250,safe,14:28:13.157929,14:28:13.157929,14:28:13.158327,14:28:13.158327,14:28:13.159550,14:28:13.159550,14:28:13.161096,14:28:13.161096,14:28:13.170749,14:28:13.170769,14:28:13.184567,14:28:13.193661,14:28:13.633989,14:28:13.184597,14:28:13.190327,14:28:13.640205,14:28:13.646126,14:28:13.408725,14:28:13.408915,14:28:13.158964
250,safe,14:28:18.224370,14:28:18.224370,14:28:18.224753,14:28:18.224753,14:28:18.225923,14:28:18.225923,14:28:18.228090,14:28:18.228090,14:28:18.237118,14:28:18.237140,14:28:18.250422,14:28:18.259497,14:28:18.712673,14:28:18.250435,14:28:18.256255,14:28:18.719122,14:28:18.724922,14:28:18.490030,14:28:18.490179,14:28:18.225351
250,safe,14:28:23.497240,14:28:23.497240,14:28:23.497622,14:28:23.497622,14:28:23.498681,14:28:23.498681,14:28:23.501117,14:28:23.501117,14:28:23.510122,14:28:23.510143,14:28:23.524375,14:28:23.532950,14:28:23.976613,14:28:23.524389,14:28:23.529925,14:28:23.982417,14:28:23.987924,14:28:23.771917,14:28:23.772084,14:28:23.498212
250,leak,14:28:28.696103,14:28:28.696103,14:28:28.696449,14:28:28.696449,14:28:28.697602,14:28:28.697602,14:28:28.699788,14:28:28.699788,14:28:28.708852,14:28:28.708882,14:28:28.722235,14:28:28.731060,14:28:29.169584,14:28:28.722247,14:28:28.728062,14:28:29.175622,14:28:29.180971,14:28:28.947491,14:28:28.947641,14:28:28.697053
250,safe,14:28:32.441187,14:28:32.441187,14:28:32.441566,14:28:32.441566,14:28:32.442684,14:28:32.442684,14:28:32.444094,14:28:32.444094,14:28:32.453373,14:28:32.453402,14:28:32.467155,14:28:32.475888,14:28:32.933769,14:28:32.467188,14:28:32.472809,14:28:32.943102,14:28:32.950208,14:28:32.692038,14:28:32.692252,14:28:32.442185
250,leak,14:28:37.746084,14:28:37.746084,14:28:37.746539,14:28:37.746539,14:28:37.748106,14:28:37.748106,14:28:37.750579,14:28:37.750579,14:28:37.759640,14:28:37.759663,14:28:37.773990,14:28:37.782590,14:28:38.224850,14:28:37.774005,14:28:37.779669,14:28:38.230692,14:28:38.236023,14:28:37.997320,14:28:37.997474,14:28:37.747280
250,safe,14:28:41.916049,14:28:41.916049,14:28:41.916477,14:28:41.916477,14:28:41.917695,14:28:41.917695,14:28:41.919053,14:28:41.919053,14:28:41.928601,14:28:41.928624,14:28:41.941984,14:28:41.950493,14:28:42.383957,14:28:41.941997,14:28:41.947529,14:28:42.390041,14:28:42.395535,14:28:42.166913,14:28:42.167073,14:28:41.917158
300,leak,14:28:47.153351,14:28:47.153351,14:28:47.153719,14:28:47.153719,14:28:47.154993,14:28:47.154993,14:28:47.157133,14:28:47.157133,14:28:47.166748,14:28:47.166769,14:28:47.180134,14:28:47.188672,14:28:47.627439,14:28:47.180147,14:28:47.185658,14:28:47.633951,14:28:47.639376,14:28:47.474023,14:28:47.474190,14:28:47.154420
300,leak,14:28:50.438795,14:28:50.438795,14:28:50.439144,14:28:50.439144,14:28:50.440241,14:28:50.440241,14:28:50.441692,14:28:50.441692,14:28:50.451581,14:28:50.451603,14:28:50.465372,14:28:50.473815,14:28:50.909469,14:28:50.465385,14:28:50.470860,14:28:50.915773,14:28:50.921327,14:28:50.739566,14:28:50.739773,14:28:50.439760
300,leak,14:28:55.269891,14:28:55.269891,14:28:55.270190,14:28:55.270190,14:28:55.271186,14:28:55.271186,14:28:55.272619,14:28:55.272619,14:28:55.281850,14:28:55.281879,14:28:55.295110,14:28:55.305505,14:28:55.744865,14:28:55.295121,14:28:55.302108,14:28:55.750917,14:28:55.756693,14:28:55.571031,14:28:55.571190,14:28:55.270747
300,leak,14:28:58.541101,14:28:58.541101,14:28:58.541411,14:28:58.541411,14:28:58.542483,14:28:58.542483,14:28:58.543866,14:28:58.543866,14:28:58.552836,14:28:58.552857,14:28:58.575748,14:28:58.585209,14:28:59.021981,14:28:58.575763,14:28:58.581615,14:28:59.028035,14:28:59.033299,14:28:58.841733,14:28:58.841891,14:28:58.541958
300,safe,14:29:01.994567,14:29:01.994567,14:29:01.994958,14:29:01.994958,14:29:01.996066,14:29:01.996066,14:29:01.997387,14:29:01.997387,14:29:02.006388,14:29:02.006406,14:29:02.020240,14:29:02.029186,14:29:02.464622,14:29:02.020252,14:29:02.025873,14:29:02.470775,14:29:02.476445,14:29:02.295119,14:29:02.295305,14:29:01.995534
300,safe,14:29:07.206475,14:29:07.206475,14:29:07.206884,14:29:07.206884,14:29:07.208458,14:29:07.208458,14:29:07.211025,14:29:07.211025,14:29:07.222973,14:29:07.222995,14:29:07.236115,14:29:07.244661,14:29:07.687712,14:29:07.236128,14:29:07.241639,14:29:07.693724,14:29:07.699083,14:29:07.523812,14:29:07.523973,14:29:07.207543
300,safe,14:29:12.449484,14:29:12.449484,14:29:12.449907,14:29:12.449907,14:29:12.451241,14:29:12.451241,14:29:12.453292,14:29:12.453292,14:29:12.462378,14:29:12.462400,14:29:12.475401,14:29:12.483744,14:29:12.924403,14:29:12.475413,14:29:12.480820,14:29:12.931066,14:29:12.936921,14:29:12.750930,14:29:12.751097,14:29:12.450512
300,leak,14:29:17.739065,14:29:17.739065,14:29:17.739473,14:29:17.739473,14:29:17.740600,14:29:17.740600,14:29:17.743185,14:29:17.743185,14:29:17.752632,14:29:17.752657,14:29:17.767107,14:29:17.776014,14:29:18.215063,14:29:17.767119,14:29:17.773103,14:29:18.220999,14:29:18.226259,14:29:18.040452,14:29:18.040620,14:29:17.740043
300,leak,14:29:21.523001,14:29:21.523001,14:29:21.523390,14:29:21.523390,14:29:21.524536,14:29:21.524536,14:29:21.525944,14:29:21.525944,14:29:21.535065,14:29:21.535085,14:29:21.548486,14:29:21.557537,14:29:22.001163,14:29:21.548499,14:29:21.554320,14:29:22.007217,14:29:22.013048,14:29:21.823844,14:29:21.824003,14:29:21.524021
300,leak,14:29:25.207316,14:29:25.207316,14:29:25.207676,14:29:25.207676,14:29:25.208748,14:29:25.208748,14:29:25.210289,14:29:25.210289,14:29:25.219428,14:29:25.219446,14:29:25.232871,14:29:25.241975,14:29:25.698181,14:29:25.232890,14:29:25.238532,14:29:25.704729,14:29:25.710681,14:29:25.508409,14:29:25.508597,14:29:25.208262
350,leak,14:29:29.855070,14:29:29.855070,14:29:29.855457,14:29:29.855457,14:29:29.856631,14:29:29.856631,14:29:29.858336,14:29:29.858336,14:29:29.867936,14:29:29.867954,14:29:29.882254,14:29:29.891333,14:29:30.337738,14:29:29.882267,14:29:29.888295,14:29:30.343841,14:29:30.349337,14:29:30.205833,14:29:30.206023,14:29:29.856097
350,safe,14:29:34.636533,14:29:34.636533,14:29:34.636923,14:29:34.636923,14:29:34.638016,14:29:34.638016,14:29:34.639358,14:29:34.639358,14:29:34.648586,14:29:34.648610,14:29:34.662431,14:29:34.671076,14:29:35.119287,14:29:34.662444,14:29:34.667869,14:29:35.125398,14:29:35.130915,14:29:34.987044,14:29:34.987206,14:29:34.637515
350,safe,14:29:39.843647,14:29:39.843647,14:29:39.844109,14:29:39.844109,14:29:39.845607,14:29:39.845607,14:29:39.848021,14:29:39.848021,14:29:39.857700,14:29:39.857720,14:29:39.870866,14:29:39.879527,14:29:40.324080,14:29:39.870877,14:29:39.876535,14:29:40.330623,14:29:40.336514,14:29:40.218789,14:29:40.218979,14:29:39.844995
350,leak,14:29:45.063616,14:29:45.063616,14:29:45.064077,14:29:45.064077,14:29:45.065265,14:29:45.065265,14:29:45.067721,14:29:45.067721,14:29:45.077275,14:29:45.077297,14:29:45.093849,14:29:45.103114,14:29:45.558680,14:29:45.093871,14:29:45.100092,14:29:45.565933,14:29:45.571787,14:29:45.415160,14:29:45.415361,14:29:45.064763
350,leak,14:29:49.910591,14:29:49.910591,14:29:49.911100,14:29:49.911100,14:29:49.912516,14:29:49.912516,14:29:49.914508,14:29:49.914508,14:29:49.924552,14:29:49.924583,14:29:49.939528,14:29:49.948084,14:29:50.391099,14:29:49.939542,14:29:49.945104,14:29:50.397470,14:29:50.403076,14:29:50.261348,14:29:50.261554,14:29:49.911789
350,leak,14:29:53.270843,14:29:53.270843,14:29:53.271224,14:29:53.271224,14:29:53.272369,14:29:53.272369,14:29:53.273757,14:29:53.273757,14:29:53.283158,14:29:53.283181,14:29:53.306837,14:29:53.315974,14:29:53.752744,14:29:53.306863,14:29:53.312676,14:29:53.758590,14:29:53.763826,14:29:53.621388,14:29:53.621545,14:29:53.271839
350,leak,14:29:58.127069,14:29:58.127069,14:29:58.127446,14:29:58.127446,14:29:58.128536,14:29:58.128536,14:29:58.129904,14:29:58.129904,14:29:58.139171,14:29:58.139188,14:29:58.153098,14:29:58.161794,14:29:58.610627,14:29:58.153133,14:29:58.158781,14:29:58.617522,14:29:58.623221,14:29:58.478026,14:29:58.478225,14:29:58.128035
350,leak,14:30:01.383554,14:30:01.383554,14:30:01.383967,14:30:01.383967,14:30:01.385099,14:30:01.385099,14:30:01.386771,14:30:01.386771,14:30:01.395932,14:30:01.395955,14:30:01.409807,14:30:01.418338,14:30:01.854783,14:30:01.409848,14:30:01.415377,14:30:01.861210,14:30:01.866710,14:30:01.732918,14:30:01.733111,14:30:01.384607
350,leak,14:30:06.141911,14:30:06.141911,14:30:06.142331,14:30:06.142331,14:30:06.143522,14:30:06.143522,14:30:06.144928,14:30:06.144928,14:30:06.154223,14:30:06.154254,14:30:06.168429,14:30:06.177688,14:30:06.625639,14:30:06.168443,14:30:06.174129,14:30:06.631740,14:30:06.637227,14:30:06.492654,14:30:06.492811,14:30:06.142960
350,leak,14:30:09.390205,14:30:09.390205,14:30:09.390651,14:30:09.390651,14:30:09.391966,14:30:09.391966,14:30:09.393431,14:30:09.393431,14:30:09.403573,14:30:09.403592,14:30:09.417468,14:30:09.426125,14:30:09.862723,14:30:09.417481,14:30:09.423090,14:30:09.868761,14:30:09.874665,14:30:09.740946,14:30:09.741116,14:30:09.391350
400,safe,14:30:13.136000,14:30:13.136000,14:30:13.136516,14:30:13.136516,14:30:13.138307,14:30:13.138307,14:30:13.140792,14:30:13.140792,14:30:13.151074,14:30:13.151115,14:30:13.169667,14:30:13.180798,14:30:13.625735,14:30:13.169705,14:30:13.177049,14:30:13.631779,14:30:13.637374,14:30:13.536321,14:30:13.536521,14:30:13.137476
400,leak,14:30:18.367537,14:30:18.367537,14:30:18.368027,14:30:18.368027,14:30:18.369215,14:30:18.369215,14:30:18.371816,14:30:18.371816,14:30:18.381396,14:30:18.381418,14:30:18.395938,14:30:18.404579,14:30:18.851830,14:30:18.395951,14:30:18.401550,14:30:18.857831,14:30:18.863330,14:30:18.787685,14:30:18.787851,14:30:18.368614
400,safe,14:30:23.140681,14:30:23.140681,14:30:23.141349,14:30:23.141349,14:30:23.143120,14:30:23.143120,14:30:23.145128,14:30:23.145128,14:30:23.155405,14:30:23.155435,14:30:23.173060,14:30:23.184029,14:30:23.626779,14:30:23.173075,14:30:23.180164,14:30:23.632732,14:30:23.638802,14:30:23.541172,14:30:23.541328,14:30:23.142325
400,leak,14:30:28.473657,14:30:28.473657,14:30:28.474084,14:30:28.474084,14:30:28.475202,14:30:28.475202,14:30:28.477790,14:30:28.477790,14:30:28.487151,14:30:28.487181,14:30:28.501618,14:30:28.510059,14:30:28.947981,14:30:28.501631,14:30:28.507122,14:30:28.954030,14:30:28.959443,14:30:28.875075,14:30:28.875227,14:30:28.474686
400,safe,14:30:32.346491,14:30:32.346491,14:30:32.346884,14:30:32.346884,14:30:32.348096,14:30:32.348096,14:30:32.349505,14:30:32.349505,14:30:32.359096,14:30:32.359118,14:30:32.372820,14:30:32.381794,14:30:32.824483,14:30:32.372834,14:30:32.378706,14:30:32.830700,14:30:32.835868,14:30:32.747341,14:30:32.747540,14:30:32.347506
400,leak,14:30:37.595329,14:30:37.595329,14:30:37.595775,14:30:37.595775,14:30:37.596842,14:30:37.596842,14:30:37.599024,14:30:37.599024,14:30:37.608125,14:30:37.608146,14:30:37.621071,14:30:37.629473,14:30:38.067100,14:30:37.621082,14:30:37.626402,14:30:38.072963,14:30:38.078305,14:30:38.015110,14:30:38.015303,14:30:37.596362
400,leak,14:30:40.568180,14:30:40.568180,14:30:40.568553,14:30:40.568553,14:30:40.569688,14:30:40.569688,14:30:40.571103,14:30:40.571103,14:30:40.580633,14:30:40.580657,14:30:40.594505,14:30:40.603121,14:30:41.045941,14:30:40.594518,14:30:40.600025,14:30:41.051978,14:30:41.057643,14:30:40.968893,14:30:40.969058,14:30:40.569168
400,safe,14:30:44.327557,14:30:44.327557,14:30:44.327859,14:30:44.327859,14:30:44.328957,14:30:44.328957,14:30:44.330320,14:30:44.330320,14:30:44.339363,14:30:44.339383,14:30:44.361810,14:30:44.370786,14:30:44.808125,14:30:44.361828,14:30:44.367593,14:30:44.814099,14:30:44.819568,14:30:44.728550,14:30:44.728726,14:30:44.328410
400,leak,14:30:49.464137,14:30:49.464137,14:30:49.464501,14:30:49.464501,14:30:49.465557,14:30:49.465557,14:30:49.467785,14:30:49.467785,14:30:49.479479,14:30:49.479499,14:30:49.492874,14:30:49.501371,14:30:49.940233,14:30:49.492887,14:30:49.498343,14:30:49.946668,14:30:49.951966,14:30:49.880339,14:30:49.880494,14:30:49.465070
400,leak,14:30:52.736071,14:30:52.736071,14:30:52.736475,14:30:52.736475,14:30:52.737712,14:30:52.737712,14:30:52.739134,14:30:52.739134,14:30:52.748344,14:30:52.748365,14:30:52.762241,14:30:52.770722,14:30:53.224194,14:30:52.762253,14:30:52.767794,14:30:53.231568,14:30:53.237492,14:30:53.137272,14:30:53.137496,14:30:52.737104
450,leak,14:30:56.527796,14:30:56.527796,14:30:56.528207,14:30:56.528207,14:30:56.529301,14:30:56.529301,14:30:56.531117,14:30:56.531117,14:30:56.540297,14:30:56.540325,14:30:56.555594,14:30:56.564103,14:30:56.999781,14:30:56.555609,14:30:56.561152,14:30:57.006046,14:30:57.011388,14:30:56.978612,14:30:56.978819,14:30:56.528815
450,leak,14:31:00.192019,14:31:00.192019,14:31:00.192466,14:31:00.192466,14:31:00.193616,14:31:00.193616,14:31:00.194977,14:31:00.194977,14:31:00.204574,14:31:00.204596,14:31:00.218082,14:31:00.226674,14:31:00.664149,14:31:00.218095,14:31:00.223560,14:31:00.670143,14:31:00.675409,14:31:00.642917,14:31:00.643085,14:31:00.193105
450,leak,14:31:05.026153,14:31:05.026153,14:31:05.026688,14:31:05.026688,14:31:05.028067,14:31:05.028067,14:31:05.029521,14:31:05.029521,14:31:05.040703,14:31:05.040726,14:31:05.054974,14:31:05.064184,14:31:05.505241,14:31:05.054987,14:31:05.061033,14:31:05.511406,14:31:05.517550,14:31:05.476901,14:31:05.477082,14:31:05.027430
450,leak,14:31:08.744877,14:31:08.744877,14:31:08.745190,14:31:08.745190,14:31:08.746492,14:31:08.746492,14:31:08.747989,14:31:08.747989,14:31:08.757106,14:31:08.757130,14:31:08.770938,14:31:08.779291,14:31:09.214458,14:31:08.770950,14:31:08.776382,14:31:09.220756,14:31:09.226363,14:31:09.195746,14:31:09.195903,14:31:08.745802
450,leak,14:31:13.579098,14:31:13.579098,14:31:13.579549,14:31:13.579549,14:31:13.580723,14:31:13.580723,14:31:13.582753,14:31:13.582753,14:31:13.592078,14:31:13.592101,14:31:13.607275,14:31:13.616601,14:31:14.056510,14:31:13.607287,14:31:13.613563,14:31:14.062532,14:31:14.067728,14:31:14.029918,14:31:14.030080,14:31:13.580154
450,leak,14:31:18.349033,14:31:18.349033,14:31:18.349352,14:31:18.349352,14:31:18.350406,14:31:18.350406,14:31:18.351811,14:31:18.351811,14:31:18.361355,14:31:18.361374,14:31:18.374906,14:31:18.382973,14:31:18.828825,14:31:18.374917,14:31:18.380094,14:31:18.834671,14:31:18.839841,14:31:18.799747,14:31:18.799930,14:31:18.349873
450,leak,14:31:21.880407,14:31:21.880407,14:31:21.880797,14:31:21.880797,14:31:21.881982,14:31:21.881982,14:31:21.883379,14:31:21.883379,14:31:21.892792,14:31:21.892817,14:31:21.906824,14:31:21.915412,14:31:22.351098,14:31:21.906836,14:31:21.912275,14:31:22.357259,14:31:22.362543,14:31:22.331051,14:31:22.331229,14:31:21.881405
450,leak,14:31:25.698155,14:31:25.698155,14:31:25.698521,14:31:25.698521,14:31:25.699666,14:31:25.699666,14:31:25.700972,14:31:25.700972,14:31:25.712040,14:31:25.712062,14:31:25.725709,14:31:25.734690,14:31:26.174040,14:31:25.725722,14:31:25.731476,14:31:26.180494,14:31:26.186220,14:31:26.149233,14:31:26.149452,14:31:25.699180
450,safe,14:31:29.323933,14:31:29.323933,14:31:29.324358,14:31:29.324358,14:31:29.325482,14:31:29.325482,14:31:29.327157,14:31:29.327157,14:31:29.336150,14:31:29.336169,14:31:29.350265,14:31:29.359012,14:31:29.794250,14:31:29.350281,14:31:29.355850,14:31:29.800382,14:31:29.805831,14:31:29.774960,14:31:29.775126,14:31:29.324981
450,leak,14:31:34.482089,14:31:34.482089,14:31:34.482487,14:31:34.482487,14:31:34.483674,14:31:34.483674,14:31:34.485974,14:31:34.485974,14:31:34.495573,14:31:34.495594,14:31:34.518556,14:31:34.527475,14:31:34.968826,14:31:34.518572,14:31:34.524332,14:31:34.975024,14:31:34.980232,14:31:34.953861,14:31:34.954037,14:31:34.483156
500,safe,14:31:39.267975,14:31:39.267975,14:31:39.268407,14:31:39.268407,14:31:39.269632,14:31:39.269632,14:31:39.271298,14:31:39.271298,14:31:39.280806,14:31:39.280828,14:31:39.295647,14:31:39.304438,14:31:39.746117,14:31:39.295660,14:31:39.301323,14:31:39.752811,14:31:39.758325,14:31:39.768496,14:31:39.768643,14:31:39.269069
500,safe,14:31:41.174588,14:31:41.174588,14:31:41.175153,14:31:41.175153,14:31:41.176704,14:31:41.176704,14:31:41.178190,14:31:41.178190,14:31:41.187916,14:31:41.187934,14:31:41.201357,14:31:41.210355,14:31:41.618596,14:31:41.201368,14:31:41.206924,14:31:41.624694,14:31:41.630062,14:31:41.675493,14:31:41.675668,14:31:41.175987
500,safe,14:31:43.164717,14:31:43.164717,14:31:43.165332,14:31:43.165332,14:31:43.166966,14:31:43.166966,14:31:43.169242,14:31:43.169242,14:31:43.182075,14:31:43.182130,14:31:43.203707,14:31:43.217207,14:31:43.626586,14:31:43.203732,14:31:43.212767,14:31:43.632501,14:31:43.637987,14:31:43.665222,14:31:43.665389,14:31:43.166184
500,safe,14:31:45.171227,14:31:45.171227,14:31:45.171905,14:31:45.171905,14:31:45.173723,14:31:45.173723,14:31:45.175769,14:31:45.175769,14:31:45.186988,14:31:45.187035,14:31:45.202201,14:31:45.211710,14:31:45.620217,14:31:45.202218,14:31:45.208355,14:31:45.626208,14:31:45.631512,14:31:45.671801,14:31:45.671958,14:31:45.172877
500,safe,14:31:47.163169,14:31:47.163169,14:31:47.163516,14:31:47.163516,14:31:47.164618,14:31:47.164618,14:31:47.165940,14:31:47.165940,14:31:47.175608,14:31:47.175626,14:31:47.189665,14:31:47.198288,14:31:47.605684,14:31:47.189678,14:31:47.195221,14:31:47.611623,14:31:47.616989,14:31:47.663844,14:31:47.664002,14:31:47.164135
500,safe,14:31:50.194693,14:31:50.194693,14:31:50.195108,14:31:50.195108,14:31:50.196319,14:31:50.196319,14:31:50.197690,14:31:50.197690,14:31:50.206892,14:31:50.206910,14:31:50.220283,14:31:50.229512,14:31:50.638371,14:31:50.220298,14:31:50.226023,14:31:50.644325,14:31:50.649842,14:31:50.695359,14:31:50.695518,14:31:50.195787
500,safe,14:31:52.190833,14:31:52.190833,14:31:52.191251,14:31:52.191251,14:31:52.192443,14:31:52.192443,14:31:52.193851,14:31:52.193851,14:31:52.203259,14:31:52.203280,14:31:52.216570,14:31:52.225496,14:31:52.632981,14:31:52.216581,14:31:52.222414,14:31:52.639080,14:31:52.644595,14:31:52.691555,14:31:52.691713,14:31:52.191925
500,safe,14:31:55.239960,14:31:55.239960,14:31:55.240340,14:31:55.240340,14:31:55.241649,14:31:55.241649,14:31:55.243268,14:31:55.243268,14:31:55.252860,14:31:55.252886,14:31:55.266787,14:31:55.275820,14:31:55.684068,14:31:55.266802,14:31:55.272580,14:31:55.690064,14:31:55.695760,14:31:55.740659,14:31:55.740822,14:31:55.240983
500,safe,14:31:57.105402,14:31:57.105402,14:31:57.105752,14:31:57.105752,14:31:57.106963,14:31:57.106963,14:31:57.108278,14:31:57.108278,14:31:57.117682,14:31:57.117704,14:31:57.131107,14:31:57.139393,14:31:57.546785,14:31:57.131125,14:31:57.136510,14:31:57.552697,14:31:57.558066,14:31:57.606057,14:31:57.606216,14:31:57.106342
500,safe,14:31:58.963958,14:31:58.963958,14:31:58.964366,14:31:58.964366,14:31:58.965478,14:31:58.965478,14:31:58.966785,14:31:58.966785,14:31:58.975763,14:31:58.975785,14:31:58.989387,14:31:58.997991,14:31:59.406647,14:31:58.989400,14:31:58.994921,14:31:59.412700,14:31:59.418148,14:31:59.464898,14:31:59.465063,14:31:58.964977
550,safe,14:32:01.999851,14:32:01.999851,14:32:02.000173,14:32:02.000173,14:32:02.001344,14:32:02.001344,14:32:02.002694,14:32:02.002694,14:32:02.011646,14:32:02.011668,14:32:02.026154,14:32:02.034822,14:32:02.444659,14:32:02.026170,14:32:02.031749,14:32:02.450869,14:32:02.456182,14:32:02.550737,14:32:02.550922,14:32:02.000827
550,safe,14:32:03.877053,14:32:03.877053,14:32:03.877434,14:32:03.877434,14:32:03.878499,14:32:03.878499,14:32:03.879812,14:32:03.879812,14:32:03.891288,14:32:03.891309,14:32:03.913111,14:32:03.921777,14:32:04.330180,14:32:03.913125,14:32:03.918779,14:32:04.336243,14:32:04.341437,14:32:04.428059,14:32:04.428219,14:32:03.878017
550,safe,14:32:06.923955,14:32:06.923955,14:32:06.924277,14:32:06.924277,14:32:06.925437,14:32:06.925437,14:32:06.926919,14:32:06.926919,14:32:06.935982,14:32:06.935999,14:32:06.949668,14:32:06.958558,14:32:07.365648,14:32:06.949682,14:32:06.955393,14:32:07.371983,14:32:07.377564,14:32:07.474927,14:32:07.475102,14:32:06.924866
550,safe,14:32:09.954252,14:32:09.954252,14:32:09.954603,14:32:09.954603,14:32:09.955763,14:32:09.955763,14:32:09.957114,14:32:09.957114,14:32:09.966498,14:32:09.966520,14:32:09.979599,14:32:09.988036,14:32:10.396013,14:32:09.979610,14:32:09.985124,14:32:10.401915,14:32:10.407443,14:32:10.505199,14:32:10.505349,14:32:09.955210
550,safe,14:32:11.815274,14:32:11.815274,14:32:11.815684,14:32:11.815684,14:32:11.816940,14:32:11.816940,14:32:11.818428,14:32:11.818428,14:32:11.828935,14:32:11.828964,14:32:11.843381,14:32:11.851625,14:32:12.259815,14:32:11.843394,14:32:11.848638,14:32:12.265962,14:32:12.271422,14:32:12.366313,14:32:12.366492,14:32:11.816340
550,safe,14:32:14.868284,14:32:14.868284,14:32:14.868698,14:32:14.868698,14:32:14.869905,14:32:14.869905,14:32:14.871184,14:32:14.871184,14:32:14.880557,14:32:14.880578,14:32:14.894169,14:32:14.902525,14:32:15.312877,14:32:14.894182,14:32:14.899516,14:32:15.319188,14:32:15.324843,14:32:15.418952,14:32:15.419134,14:32:14.869338
550,safe,14:32:17.902133,14:32:17.902133,14:32:17.902490,14:32:17.902490,14:32:17.903632,14:32:17.903632,14:32:17.904934,14:32:17.904934,14:32:17.914038,14:32:17.914059,14:32:17.928636,14:32:17.937315,14:32:18.345929,14:32:17.928649,14:32:17.934191,14:32:18.351930,14:32:18.357769,14:32:18.453078,14:32:18.453234,14:32:17.903140
550,safe,14:32:19.907081,14:32:19.907081,14:32:19.907451,14:32:19.907451,14:32:19.908605,14:32:19.908605,14:32:19.910135,14:32:19.910135,14:32:19.919286,14:32:19.919307,14:32:19.932778,14:32:19.941299,14:32:20.348355,14:32:19.932791,14:32:19.938243,14:32:20.354480,14:32:20.359810,14:32:20.457990,14:32:20.458160,14:32:19.908111
550,safe,14:32:22.940346,14:32:22.940346,14:32:22.940700,14:32:22.940700,14:32:22.941737,14:32:22.941737,14:32:22.943052,14:32:22.943052,14:32:22.952158,14:32:22.952187,14:32:22.965941,14:32:22.974437,14:32:23.393983,14:32:22.965954,14:32:22.971437,14:32:23.400092,14:32:23.405915,14:32:23.491172,14:32:23.491337,14:32:22.941243
550,safe,14:32:25.990539,14:32:25.990539,14:32:25.990951,14:32:25.990951,14:32:25.992102,14:32:25.992102,14:32:25.993509,14:32:25.993509,14:32:26.002688,14:32:26.002709,14:32:26.016496,14:32:26.025177,14:32:26.433657,14:32:26.016509,14:32:26.022120,14:32:26.439883,14:32:26.446895,14:32:26.541518,14:32:26.541708,14:32:25.991577
600,safe,14:32:27.855369,14:32:27.855369,14:32:27.855764,14:32:27.855764,14:32:27.856992,14:32:27.856992,14:32:27.858424,14:32:27.858424,14:32:27.867715,14:32:27.867736,14:32:27.880914,14:32:27.889836,14:32:28.297396,14:32:27.880926,14:32:27.886417,14:32:28.303252,14:32:28.308752,14:32:28.456324,14:32:28.456483,14:32:27.856407
600,safe,14:32:30.887630,14:32:30.887630,14:32:30.887958,14:32:30.887958,14:32:30.889058,14:32:30.889058,14:32:30.890456,14:32:30.890456,14:32:30.899523,14:32:30.899554,14:32:30.913389,14:32:30.922096,14:32:31.330208,14:32:30.913401,14:32:30.918838,14:32:31.336369,14:32:31.342146,14:32:31.486836,14:32:31.486989,14:32:30.888575
600,safe,14:32:32.890903,14:32:32.890903,14:32:32.891312,14:32:32.891312,14:32:32.892504,14:32:32.892504,14:32:32.893791,14:32:32.893791,14:32:32.902782,14:32:32.902802,14:32:32.915982,14:32:32.925252,14:32:33.340258,14:32:32.915995,14:32:32.921970,14:32:33.346291,14:32:33.352371,14:32:33.491769,14:32:33.491944,14:32:32.891985
600,safe,14:32:34.762370,14:32:34.762370,14:32:34.762729,14:32:34.762729,14:32:34.763864,14:32:34.763864,14:32:34.765246,14:32:34.765246,14:32:34.774518,14:32:34.774546,14:32:34.796456,14:32:34.804962,14:32:35.213090,14:32:34.796468,14:32:34.801916,14:32:35.220552,14:32:35.226693,14:32:35.363066,14:32:35.363253,14:32:34.763358
600,safe,14:32:36.761447,14:32:36.761447,14:32:36.761800,14:32:36.761800,14:32:36.763139,14:32:36.763139,14:32:36.764633,14:32:36.764633,14:32:36.773855,14:32:36.773876,14:32:36.787876,14:32:36.796604,14:32:37.206027,14:32:36.787889,14:32:36.793466,14:32:37.211922,14:32:37.217355,14:32:37.362374,14:32:37.362552,14:32:36.762516
600,safe,14:32:39.762029,14:32:39.762029,14:32:39.762420,14:32:39.762420,14:32:39.763667,14:32:39.763667,14:32:39.765095,14:32:39.765095,14:32:39.774254,14:32:39.774280,14:32:39.788671,14:32:39.797626,14:32:40.207334,14:32:39.788687,14:32:39.794553,14:32:40.214174,14:32:40.219626,14:32:40.362780,14:32:40.362944,14:32:39.763071
600,safe,14:32:41.629759,14:32:41.629759,14:32:41.630164,14:32:41.630164,14:32:41.631328,14:32:41.631328,14:32:41.632708,14:32:41.632708,14:32:41.641818,14:32:41.641837,14:32:41.655363,14:32:41.663657,14:32:42.072789,14:32:41.655375,14:32:41.660754,14:32:42.079017,14:32:42.084643,14:32:42.230642,14:32:42.230805,14:32:41.630800
600,safe,14:32:44.677684,14:32:44.677684,14:32:44.678004,14:32:44.678004,14:32:44.679115,14:32:44.679115,14:32:44.680577,14:32:44.680577,14:32:44.689956,14:32:44.689977,14:32:44.703552,14:32:44.712429,14:32:45.119920,14:32:44.703564,14:32:44.709309,14:32:45.126029,14:32:45.131878,14:32:45.278387,14:32:45.278545,14:32:44.678589
600,safe,14:32:46.686718,14:32:46.686718,14:32:46.687067,14:32:46.687067,14:32:46.688227,14:32:46.688227,14:32:46.689641,14:32:46.689641,14:32:46.698741,14:32:46.698759,14:32:46.712322,14:32:46.720687,14:32:47.129031,14:32:46.712334,14:32:46.717612,14:32:47.135208,14:32:47.140775,14:32:47.287520,14:32:47.287689,14:32:46.687697
600,safe,14:32:49.732481,14:32:49.732481,14:32:49.732884,14:32:49.732884,14:32:49.734066,14:32:49.734066,14:32:49.735462,14:32:49.735462,14:32:49.744503,14:32:49.744524,14:32:49.757936,14:32:49.766377,14:32:50.174377,14:32:49.757949,14:32:49.763325,14:32:50.180442,14:32:50.186187,14:32:50.333327,14:32:50.333507,14:32:49.733534
