attacker_delay,outcome,attacker_start_time,Document_lookup_start,Document_lookup_end,Blob_fetch_start,Blob_fetch_end,Initial_sec_validation_start,Initial_sec_validation_end,Document_marked_safe_start,Document_marked_safe_end,Dispatch_to_agent_start,Dispatch_to_agent_end,Agent_retrieves_document_state_start,Agent_retrieves_document_state_end,Agent_retrieves_document_start,Agent_retrieves_document_end,attacker_modify_time,attacker_modify_done,blob_read_time
1,blocked,00:59:26.055954,00:59:26.055954,00:59:26.057325,00:59:26.057325,00:59:26.058804,00:59:26.058804,00:59:26.066912,00:59:26.066912,,,,,,,,00:59:26.057024,00:59:26.057180,00:59:26.058198
1,rejected,00:59:26.570601,00:59:26.570601,00:59:26.571021,00:59:26.571021,00:59:26.572596,00:59:26.572596,00:59:26.574542,00:59:26.574542,00:59:26.585726,00:59:26.585761,00:59:27.367281,00:59:27.367281,00:59:27.377632,00:59:27.383827,00:59:27.389974,00:59:26.572327,00:59:26.572438,00:59:26.571957
1,rejected,00:59:27.844466,00:59:27.844466,00:59:27.844890,00:59:27.844890,00:59:27.846251,00:59:27.846251,00:59:27.848123,00:59:27.848123,00:59:27.858828,00:59:27.858851,00:59:27.872317,00:59:27.872317,00:59:27.877941,00:59:27.883759,00:59:27.889645,00:59:27.845905,00:59:27.845989,00:59:27.845605
1,blocked,00:59:28.340968,00:59:28.340968,00:59:28.341539,00:59:28.341539,00:59:28.343208,00:59:28.343208,00:59:28.344914,00:59:28.344914,,,,,,,,00:59:28.342175,00:59:28.342288,00:59:28.342683
1,rejected,00:59:28.789798,00:59:28.789798,00:59:28.790234,00:59:28.790234,00:59:28.791480,00:59:28.791480,00:59:28.793530,00:59:28.793530,00:59:28.803180,00:59:28.803200,00:59:28.816864,00:59:28.816864,00:59:28.822622,00:59:28.827921,00:59:28.833280,00:59:28.791188,00:59:28.791264,00:59:28.790914
1,blocked,00:59:29.284380,00:59:29.284380,00:59:29.284926,00:59:29.284926,00:59:29.286543,00:59:29.286543,00:59:29.288308,00:59:29.288308,,,,,,,,00:59:29.285538,00:59:29.285634,00:59:29.285969
1,rejected,00:59:29.731212,00:59:29.731212,00:59:29.731767,00:59:29.731767,00:59:29.733442,00:59:29.733442,00:59:29.735185,00:59:29.735185,00:59:29.745078,00:59:29.745130,00:59:29.764209,00:59:29.764209,00:59:29.770995,00:59:29.779683,00:59:29.785928,00:59:29.733205,00:59:29.733338,00:59:29.732823
1,blocked,00:59:30.255425,00:59:30.255425,00:59:30.255878,00:59:30.255878,00:59:30.257751,00:59:30.257751,00:59:30.259471,00:59:30.259471,,,,,,,,00:59:30.256481,00:59:30.256591,00:59:30.256958
1,blocked,00:59:30.700571,00:59:30.700571,00:59:30.701129,00:59:30.701129,00:59:30.702623,00:59:30.702623,00:59:30.704168,00:59:30.704168,,,,,,,,00:59:30.701614,00:59:30.701719,00:59:30.702095
1,blocked,00:59:31.147478,00:59:31.147478,00:59:31.147911,00:59:31.147911,00:59:31.149503,00:59:31.149503,00:59:31.150922,00:59:31.150922,,,,,,,,00:59:31.148610,00:59:31.148717,00:59:31.148967
2,rejected,00:59:31.591343,00:59:31.591343,00:59:31.591682,00:59:31.591682,00:59:31.593127,00:59:31.593127,00:59:31.594847,00:59:31.594847,00:59:31.604291,00:59:31.604312,00:59:31.618423,00:59:31.618423,00:59:31.624146,00:59:31.630039,00:59:31.637509,00:59:31.593799,00:59:31.593881,00:59:31.592359
2,rejected,00:59:32.093814,00:59:32.093814,00:59:32.094258,00:59:32.094258,00:59:32.095517,00:59:32.095517,00:59:32.097087,00:59:32.097087,00:59:32.106602,00:59:32.106636,00:59:32.121337,00:59:32.121337,00:59:32.126893,00:59:32.131959,00:59:32.137334,00:59:32.096062,00:59:32.096192,00:59:32.094953
2,rejected,00:59:32.589956,00:59:32.589956,00:59:32.590432,00:59:32.590432,00:59:32.591703,00:59:32.591703,00:59:32.593303,00:59:32.593303,00:59:32.603444,00:59:32.603463,00:59:32.616701,00:59:32.616701,00:59:32.622146,00:59:32.627129,00:59:32.632211,00:59:32.592521,00:59:32.592614,00:59:32.591183
2,rejected,00:59:33.083778,00:59:33.083778,00:59:33.084217,00:59:33.084217,00:59:33.085623,00:59:33.085623,00:59:33.087320,00:59:33.087320,00:59:33.100082,00:59:33.100104,00:59:33.113417,00:59:33.113417,00:59:33.119367,00:59:33.124580,00:59:33.129748,00:59:33.086282,00:59:33.086386,00:59:33.084997
2,rejected,00:59:33.591967,00:59:33.591967,00:59:33.592482,00:59:33.592482,00:59:33.593861,00:59:33.593861,00:59:33.595585,00:59:33.595585,00:59:33.604996,00:59:33.605016,00:59:33.619570,00:59:33.619570,00:59:33.625074,00:59:33.630572,00:59:33.635540,00:59:33.594365,00:59:33.594452,00:59:33.593280
2,rejected,00:59:34.085127,00:59:34.085127,00:59:34.085554,00:59:34.085554,00:59:34.086826,00:59:34.086826,00:59:34.088572,00:59:34.088572,00:59:34.097942,00:59:34.097961,00:59:34.112292,00:59:34.112292,00:59:34.117987,00:59:34.123301,00:59:34.128564,00:59:34.087540,00:59:34.087663,00:59:34.086271
2,rejected,00:59:34.577862,00:59:34.577862,00:59:34.578383,00:59:34.578383,00:59:34.579660,00:59:34.579660,00:59:34.581600,00:59:34.581600,00:59:34.591247,00:59:34.591272,00:59:34.611509,00:59:34.611509,00:59:34.616941,00:59:34.621949,00:59:34.626921,00:59:34.580177,00:59:34.580264,00:59:34.579116
2,rejected,00:59:35.078440,00:59:35.078440,00:59:35.079017,00:59:35.079017,00:59:35.080344,00:59:35.080344,00:59:35.081994,00:59:35.081994,00:59:35.091830,00:59:35.091857,00:59:35.148323,00:59:35.148323,00:59:35.153768,00:59:35.158989,00:59:35.163784,00:59:35.080770,00:59:35.080891,00:59:35.079800
2,rejected,00:59:35.612717,00:59:35.612717,00:59:35.613093,00:59:35.613093,00:59:35.614409,00:59:35.614409,00:59:35.616211,00:59:35.616211,00:59:35.625742,00:59:35.625768,00:59:35.639033,00:59:35.639033,00:59:35.644689,00:59:35.649804,00:59:35.655176,00:59:35.615276,00:59:35.615360,00:59:35.613830
2,rejected,00:59:36.107735,00:59:36.107735,00:59:36.108126,00:59:36.108126,00:59:36.109335,00:59:36.109335,00:59:36.110991,00:59:36.110991,00:59:36.120264,00:59:36.120290,00:59:36.133785,00:59:36.133785,00:59:36.139281,00:59:36.144659,00:59:36.149770,00:59:36.110323,00:59:36.110421,00:59:36.108801
4,rejected,00:59:36.601212,00:59:36.601212,00:59:36.601603,00:59:36.601603,00:59:36.602892,00:59:36.602892,00:59:36.604422,00:59:36.604422,00:59:36.618037,00:59:36.618061,00:59:36.631107,00:59:36.631107,00:59:36.636396,00:59:36.641526,00:59:36.647029,00:59:36.605229,00:59:36.605498,00:59:36.602361
4,rejected,00:59:37.097869,00:59:37.097869,00:59:37.098263,00:59:37.098263,00:59:37.099592,00:59:37.099592,00:59:37.101638,00:59:37.101638,00:59:37.111732,00:59:37.111763,00:59:37.124927,00:59:37.124927,00:59:37.130487,00:59:37.135764,00:59:37.140706,00:59:37.102149,00:59:37.102253,00:59:37.099013
4,rejected,00:59:37.589729,00:59:37.589729,00:59:37.590174,00:59:37.590174,00:59:37.591578,00:59:37.591578,00:59:37.593411,00:59:37.593411,00:59:37.607539,00:59:37.607562,00:59:37.620553,00:59:37.620553,00:59:37.625979,00:59:37.631191,00:59:37.636591,00:59:37.594185,00:59:37.594286,00:59:37.590950
4,rejected,00:59:38.095103,00:59:38.095103,00:59:38.095931,00:59:38.095931,00:59:38.097678,00:59:38.097678,00:59:38.099419,00:59:38.099419,00:59:38.110188,00:59:38.110228,00:59:38.124968,00:59:38.124968,00:59:38.131097,00:59:38.136259,00:59:38.141747,00:59:38.099090,00:59:38.099221,00:59:38.097008
4,rejected,00:59:38.595764,00:59:38.595764,00:59:38.596197,00:59:38.596197,00:59:38.597517,00:59:38.597517,00:59:38.599136,00:59:38.599136,00:59:38.613261,00:59:38.613302,00:59:38.628649,00:59:38.628649,00:59:38.634508,00:59:38.640131,00:59:38.648266,00:59:38.600388,00:59:38.600520,00:59:38.596965
4,rejected,00:59:39.112204,00:59:39.112204,00:59:39.112779,00:59:39.112779,00:59:39.114305,00:59:39.114305,00:59:39.116142,00:59:39.116142,00:59:39.126019,00:59:39.126050,00:59:39.139630,00:59:39.139630,00:59:39.145332,00:59:39.150681,00:59:39.156820,00:59:39.116245,00:59:39.116366,00:59:39.113592
4,rejected,00:59:39.615789,00:59:39.615789,00:59:39.616429,00:59:39.616429,00:59:39.618374,00:59:39.618374,00:59:39.620595,00:59:39.620595,00:59:39.633313,00:59:39.633377,00:59:39.654980,00:59:39.654980,00:59:39.662679,00:59:39.670304,00:59:39.678969,00:59:39.620436,00:59:39.620608,00:59:39.617522
4,rejected,00:59:40.186321,00:59:40.186321,00:59:40.186893,00:59:40.186893,00:59:40.188464,00:59:40.188464,00:59:40.190030,00:59:40.190030,00:59:40.204107,00:59:40.204143,00:59:40.217942,00:59:40.217942,00:59:40.223687,00:59:40.228997,00:59:40.234414,00:59:40.190693,00:59:40.190811,00:59:40.187715
4,rejected,00:59:40.691342,00:59:40.691342,00:59:40.691754,00:59:40.691754,00:59:40.693164,00:59:40.693164,00:59:40.694864,00:59:40.694864,00:59:40.709621,00:59:40.709659,00:59:40.724576,00:59:40.724576,00:59:40.730592,00:59:40.736167,00:59:40.741768,00:59:40.696084,00:59:40.696205,00:59:40.692548
4,rejected,00:59:41.193046,00:59:41.193046,00:59:41.193481,00:59:41.193481,00:59:41.194746,00:59:41.194746,00:59:41.196158,00:59:41.196158,00:59:41.210421,00:59:41.210445,00:59:41.231122,00:59:41.231122,00:59:41.236746,00:59:41.241838,00:59:41.247342,00:59:41.197314,00:59:41.197403,00:59:41.194152
8,rejected,00:59:41.700569,00:59:41.700569,00:59:41.701199,00:59:41.701199,00:59:41.702599,00:59:41.702599,00:59:41.704408,00:59:41.704408,00:59:41.720526,00:59:41.720560,00:59:41.734738,00:59:41.734738,00:59:41.740246,00:59:41.745447,00:59:41.751090,00:59:41.708805,00:59:41.709261,00:59:41.701999
8,rejected,00:59:42.206359,00:59:42.206359,00:59:42.206896,00:59:42.206896,00:59:42.208400,00:59:42.208400,00:59:42.210047,00:59:42.210047,00:59:42.223733,00:59:42.223757,00:59:42.236668,00:59:42.236668,00:59:42.242243,00:59:42.247854,00:59:42.253158,00:59:42.214552,00:59:42.214647,00:59:42.207626
8,rejected,00:59:42.704357,00:59:42.704357,00:59:42.704740,00:59:42.704740,00:59:42.706030,00:59:42.706030,00:59:42.707914,00:59:42.707914,00:59:42.722108,00:59:42.722133,00:59:42.735262,00:59:42.735262,00:59:42.740708,00:59:42.746484,00:59:42.751726,00:59:42.712575,00:59:42.712673,00:59:42.705481
8,rejected,00:59:43.203787,00:59:43.203787,00:59:43.204191,00:59:43.204191,00:59:43.205678,00:59:43.205678,00:59:43.207310,00:59:43.207310,00:59:43.221814,00:59:43.221840,00:59:43.235124,00:59:43.235124,00:59:43.240571,00:59:43.245748,00:59:43.250641,00:59:43.212248,00:59:43.212379,00:59:43.204899
8,rejected,00:59:43.701872,00:59:43.701872,00:59:43.702370,00:59:43.702370,00:59:43.703696,00:59:43.703696,00:59:43.705176,00:59:43.705176,00:59:43.715157,00:59:43.715180,00:59:43.728313,00:59:43.728313,00:59:43.733599,00:59:43.738902,00:59:43.743942,00:59:43.710273,00:59:43.710370,00:59:43.703141
8,rejected,00:59:44.197132,00:59:44.197132,00:59:44.197549,00:59:44.197549,00:59:44.199017,00:59:44.199017,00:59:44.200477,00:59:44.200477,00:59:44.209833,00:59:44.209867,00:59:44.223360,00:59:44.223360,00:59:44.228823,00:59:44.233807,00:59:44.239031,00:59:44.205656,00:59:44.205753,00:59:44.198395
8,rejected,00:59:44.693836,00:59:44.693836,00:59:44.694323,00:59:44.694323,00:59:44.695603,00:59:44.695603,00:59:44.697093,00:59:44.697093,00:59:44.711096,00:59:44.711120,00:59:44.724313,00:59:44.724313,00:59:44.729893,00:59:44.735117,00:59:44.740003,00:59:44.702113,00:59:44.702203,00:59:44.695024
8,rejected,00:59:45.191886,00:59:45.191886,00:59:45.192286,00:59:45.192286,00:59:45.193825,00:59:45.193825,00:59:45.195317,00:59:45.195317,00:59:45.212115,00:59:45.212147,00:59:45.225938,00:59:45.225938,00:59:45.231454,00:59:45.236508,00:59:45.242195,00:59:45.200176,00:59:45.200268,00:59:45.192962
8,rejected,00:59:45.695093,00:59:45.695093,00:59:45.695538,00:59:45.695538,00:59:45.696801,00:59:45.696801,00:59:45.698393,00:59:45.698393,00:59:45.707917,00:59:45.707937,00:59:45.721421,00:59:45.721421,00:59:45.726907,00:59:45.732234,00:59:45.737605,00:59:45.703551,00:59:45.703639,00:59:45.696265
8,rejected,00:59:46.205872,00:59:46.205872,00:59:46.206344,00:59:46.206344,00:59:46.207615,00:59:46.207615,00:59:46.209122,00:59:46.209122,00:59:46.218416,00:59:46.218437,00:59:46.231534,00:59:46.231534,00:59:46.236835,00:59:46.241909,00:59:46.247230,00:59:46.214274,00:59:46.214375,00:59:46.207079
16,rejected,00:59:46.700565,00:59:46.700565,00:59:46.701041,00:59:46.701041,00:59:46.702280,00:59:46.702280,00:59:46.704156,00:59:46.704156,00:59:46.714039,00:59:46.714084,00:59:46.727385,00:59:46.727385,00:59:46.732822,00:59:46.738011,00:59:46.742943,00:59:46.717086,00:59:46.717181,00:59:46.701751
16,rejected,00:59:47.196149,00:59:47.196149,00:59:47.196555,00:59:47.196555,00:59:47.197762,00:59:47.197762,00:59:47.199693,00:59:47.199693,00:59:47.210150,00:59:47.210173,00:59:47.230782,00:59:47.230782,00:59:47.236556,00:59:47.242171,00:59:47.247619,00:59:47.213008,00:59:47.213111,00:59:47.197253
16,rejected,00:59:47.702084,00:59:47.702084,00:59:47.702446,00:59:47.702446,00:59:47.704111,00:59:47.704111,00:59:47.705752,00:59:47.705752,00:59:47.715507,00:59:47.715534,00:59:47.729406,00:59:47.729406,00:59:47.735169,00:59:47.740527,00:59:47.746104,00:59:47.718793,00:59:47.718893,00:59:47.703236
16,rejected,00:59:48.203671,00:59:48.203671,00:59:48.204090,00:59:48.204090,00:59:48.205450,00:59:48.205450,00:59:48.207338,00:59:48.207338,00:59:48.216675,00:59:48.216696,00:59:48.229640,00:59:48.229640,00:59:48.235190,00:59:48.240388,00:59:48.245957,00:59:48.220390,00:59:48.220492,00:59:48.204905
16,rejected,00:59:48.701404,00:59:48.701404,00:59:48.701803,00:59:48.701803,00:59:48.703074,00:59:48.703074,00:59:48.704651,00:59:48.704651,00:59:48.714242,00:59:48.714265,00:59:48.727952,00:59:48.727952,00:59:48.733392,00:59:48.738821,00:59:48.744107,00:59:48.717904,00:59:48.718005,00:59:48.702528
16,rejected,00:59:49.201348,00:59:49.201348,00:59:49.201813,00:59:49.201813,00:59:49.203078,00:59:49.203078,00:59:49.204645,00:59:49.204645,00:59:49.214260,00:59:49.214283,00:59:49.227236,00:59:49.227236,00:59:49.232620,00:59:49.237472,00:59:49.242534,00:59:49.217575,00:59:49.217675,00:59:49.202585
16,rejected,00:59:49.703848,00:59:49.703848,00:59:49.704627,00:59:49.704627,00:59:49.706594,00:59:49.706594,00:59:49.708745,00:59:49.708745,00:59:49.720112,00:59:49.720155,00:59:49.742854,00:59:49.742854,00:59:49.753987,00:59:49.761229,00:59:49.769098,00:59:49.720601,00:59:49.720784,00:59:49.705757
16,rejected,00:59:50.239966,00:59:50.239966,00:59:50.240485,00:59:50.240485,00:59:50.241764,00:59:50.241764,00:59:50.243348,00:59:50.243348,00:59:50.252731,00:59:50.252753,00:59:50.265796,00:59:50.265796,00:59:50.271051,00:59:50.276522,00:59:50.281992,00:59:50.256715,00:59:50.256821,00:59:50.241203
16,rejected,00:59:50.744892,00:59:50.744892,00:59:50.745262,00:59:50.745262,00:59:50.746552,00:59:50.746552,00:59:50.748091,00:59:50.748091,00:59:50.758116,00:59:50.758148,00:59:50.772194,00:59:50.772194,00:59:50.777427,00:59:50.782630,00:59:50.787836,00:59:50.763109,00:59:50.763222,00:59:50.745985
16,rejected,00:59:51.241608,00:59:51.241608,00:59:51.242176,00:59:51.242176,00:59:51.243455,00:59:51.243455,00:59:51.244906,00:59:51.244906,00:59:51.254613,00:59:51.254636,00:59:51.268556,00:59:51.268556,00:59:51.274435,00:59:51.280014,00:59:51.285247,00:59:51.258285,00:59:51.258382,00:59:51.242905
32,rejected,00:59:51.746206,00:59:51.746206,00:59:51.746708,00:59:51.746708,00:59:51.748236,00:59:51.748236,00:59:51.750092,00:59:51.750092,00:59:51.760160,00:59:51.760182,00:59:51.773700,00:59:51.773700,00:59:51.779518,00:59:51.785166,00:59:51.790673,00:59:51.778538,00:59:51.778668,00:59:51.747601
32,rejected,00:59:52.248865,00:59:52.248865,00:59:52.249277,00:59:52.249277,00:59:52.250574,00:59:52.250574,00:59:52.252123,00:59:52.252123,00:59:52.261463,00:59:52.261483,00:59:52.274057,00:59:52.274057,00:59:52.279786,00:59:52.285196,00:59:52.290639,00:59:52.281422,00:59:52.281542,00:59:52.250037
32,rejected,00:59:52.752677,00:59:52.752677,00:59:52.753129,00:59:52.753129,00:59:52.754470,00:59:52.754470,00:59:52.756212,00:59:52.756212,00:59:52.767911,00:59:52.767937,00:59:52.780803,00:59:52.780803,00:59:52.786340,00:59:52.791818,00:59:52.796890,00:59:52.785468,00:59:52.785584,00:59:52.753895
32,rejected,00:59:53.251989,00:59:53.251989,00:59:53.252368,00:59:53.252368,00:59:53.253738,00:59:53.253738,00:59:53.255289,00:59:53.255289,00:59:53.264772,00:59:53.264797,00:59:53.286447,00:59:53.286447,00:59:53.292215,00:59:53.297973,00:59:53.303076,00:59:53.284791,00:59:53.284923,00:59:53.253113
32,rejected,00:59:53.759671,00:59:53.759671,00:59:53.760123,00:59:53.760123,00:59:53.761778,00:59:53.761778,00:59:53.763534,00:59:53.763534,00:59:53.773150,00:59:53.773173,00:59:53.786645,00:59:53.786645,00:59:53.791966,00:59:53.797136,00:59:53.802127,00:59:53.792404,00:59:53.792511,00:59:53.760916
32,rejected,00:59:54.262641,00:59:54.262641,00:59:54.262995,00:59:54.262995,00:59:54.264326,00:59:54.264326,00:59:54.265756,00:59:54.265756,00:59:54.275695,00:59:54.275719,00:59:54.288923,00:59:54.288923,00:59:54.294539,00:59:54.300143,00:59:54.305361,00:59:54.295299,00:59:54.295418,00:59:54.263752
32,rejected,00:59:54.761740,00:59:54.761740,00:59:54.762390,00:59:54.762390,00:59:54.764036,00:59:54.764036,00:59:54.765682,00:59:54.765682,00:59:54.775606,00:59:54.775631,00:59:54.789158,00:59:54.789158,00:59:54.794612,00:59:54.800022,00:59:54.805216,00:59:54.794540,00:59:54.794664,00:59:54.763291
32,rejected,00:59:55.261295,00:59:55.261295,00:59:55.261717,00:59:55.261717,00:59:55.262899,00:59:55.262899,00:59:55.264760,00:59:55.264760,00:59:55.274092,00:59:55.274111,00:59:55.287711,00:59:55.287711,00:59:55.293152,00:59:55.298586,00:59:55.303657,00:59:55.294182,00:59:55.294508,00:59:55.262402
32,rejected,00:59:55.759311,00:59:55.759311,00:59:55.759741,00:59:55.759741,00:59:55.760995,00:59:55.760995,00:59:55.762715,00:59:55.762715,00:59:55.772228,00:59:55.772249,00:59:55.785756,00:59:55.785756,00:59:55.791568,00:59:55.797255,00:59:55.802403,00:59:55.791869,00:59:55.791992,00:59:55.760439
32,rejected,00:59:56.259012,00:59:56.259012,00:59:56.259449,00:59:56.259449,00:59:56.261101,00:59:56.261101,00:59:56.262852,00:59:56.262852,00:59:56.272993,00:59:56.273013,00:59:56.286173,00:59:56.286173,00:59:56.291506,00:59:56.296640,00:59:56.301787,00:59:56.291548,00:59:56.291669,00:59:56.260201
64,rejected,00:59:56.756292,00:59:56.756292,00:59:56.756808,00:59:56.756808,00:59:56.758568,00:59:56.758568,00:59:56.760532,00:59:56.760532,00:59:56.771010,00:59:56.771072,00:59:56.788590,00:59:56.788590,00:59:56.795032,00:59:56.801682,00:59:56.809493,00:59:56.820879,00:59:56.820997,00:59:56.757740
64,rejected,01:00:06.080373,01:00:06.080373,01:00:06.080773,01:00:06.080773,01:00:06.082050,01:00:06.082050,01:00:06.084844,01:00:06.084844,01:00:06.096582,01:00:06.096601,01:00:06.111051,01:00:06.111051,01:00:06.116697,01:00:06.121920,01:00:06.127127,01:00:06.164270,01:00:06.164467,01:00:06.081540
64,rejected,01:00:07.565062,01:00:07.565062,01:00:07.565480,01:00:07.565480,01:00:07.566788,01:00:07.566788,01:00:07.568565,01:00:07.568565,01:00:07.578610,01:00:07.578632,01:00:07.590651,01:00:07.590651,01:00:07.596405,01:00:07.601921,01:00:07.607173,01:00:07.629962,01:00:07.630151,01:00:07.566251
64,rejected,01:00:09.100022,01:00:09.100022,01:00:09.100417,01:00:09.100417,01:00:09.101636,01:00:09.101636,01:00:09.103157,01:00:09.103157,01:00:09.112476,01:00:09.112497,01:00:09.124543,01:00:09.124543,01:00:09.130588,01:00:09.135862,01:00:09.140925,01:00:09.165059,01:00:09.165233,01:00:09.101112
64,rejected,01:00:10.557499,01:00:10.557499,01:00:10.557905,01:00:10.557905,01:00:10.559637,01:00:10.559637,01:00:10.561491,01:00:10.561491,01:00:10.570881,01:00:10.570903,01:00:10.583865,01:00:10.583865,01:00:10.589595,01:00:10.594859,01:00:10.600260,01:00:10.622262,01:00:10.622430,01:00:10.558759
64,rejected,01:00:12.109471,01:00:12.109471,01:00:12.109956,01:00:12.109956,01:00:12.111208,01:00:12.111208,01:00:12.112763,01:00:12.112763,01:00:12.122145,01:00:12.122167,01:00:12.147266,01:00:12.147266,01:00:12.153114,01:00:12.158531,01:00:12.163927,01:00:12.174214,01:00:12.174351,01:00:12.110666
64,rejected,01:00:13.579252,01:00:13.579252,01:00:13.579819,01:00:13.579819,01:00:13.581275,01:00:13.581275,01:00:13.582866,01:00:13.582866,01:00:13.592523,01:00:13.592545,01:00:13.605081,01:00:13.605081,01:00:13.611266,01:00:13.616639,01:00:13.621867,01:00:13.643856,01:00:13.644019,01:00:13.580604
64,rejected,01:00:15.214776,01:00:15.214776,01:00:15.215273,01:00:15.215273,01:00:15.216781,01:00:15.216781,01:00:15.218456,01:00:15.218456,01:00:15.228569,01:00:15.228594,01:00:15.241757,01:00:15.241757,01:00:15.247818,01:00:15.253010,01:00:15.258302,01:00:15.279549,01:00:15.279717,01:00:15.215969
64,rejected,01:00:16.677250,01:00:16.677250,01:00:16.677662,01:00:16.677662,01:00:16.679150,01:00:16.679150,01:00:16.680896,01:00:16.680896,01:00:16.691480,01:00:16.691502,01:00:16.703936,01:00:16.703936,01:00:16.709606,01:00:16.715236,01:00:16.720363,01:00:16.741853,01:00:16.742055,01:00:16.678386
64,rejected,01:00:18.290299,01:00:18.290299,01:00:18.290709,01:00:18.290709,01:00:18.291923,01:00:18.291923,01:00:18.293802,01:00:18.293802,01:00:18.303311,01:00:18.303333,01:00:18.315648,01:00:18.315648,01:00:18.321246,01:00:18.326736,01:00:18.332290,01:00:18.355066,01:00:18.355236,01:00:18.291379
128,rejected,01:00:19.893187,01:00:19.893187,01:00:19.893749,01:00:19.893749,01:00:19.895219,01:00:19.895219,01:00:19.896842,01:00:19.896842,01:00:19.908279,01:00:19.908328,01:00:19.921338,01:00:19.921338,01:00:19.927279,01:00:19.932363,01:00:19.937610,01:00:20.021994,01:00:20.022173,01:00:19.894568
128,rejected,01:00:21.427191,01:00:21.427191,01:00:21.427747,01:00:21.427747,01:00:21.429269,01:00:21.429269,01:00:21.430769,01:00:21.430769,01:00:21.440082,01:00:21.440102,01:00:21.460843,01:00:21.460843,01:00:21.466745,01:00:21.471992,01:00:21.477565,01:00:21.556011,01:00:21.556182,01:00:21.428510
128,rejected,01:00:22.981419,01:00:22.981419,01:00:22.981815,01:00:22.981815,01:00:22.983098,01:00:22.983098,01:00:22.984670,01:00:22.984670,01:00:22.993927,01:00:22.993947,01:00:23.005488,01:00:23.005488,01:00:23.011197,01:00:23.016572,01:00:23.021684,01:00:23.109930,01:00:23.110091,01:00:22.982564
128,rejected,01:00:24.540106,01:00:24.540106,01:00:24.540589,01:00:24.540589,01:00:24.541874,01:00:24.541874,01:00:24.543389,01:00:24.543389,01:00:24.553386,01:00:24.553406,01:00:24.565802,01:00:24.565802,01:00:24.571588,01:00:24.576910,01:00:24.582097,01:00:24.668888,01:00:24.669053,01:00:24.541360
128,rejected,01:00:26.137173,01:00:26.137173,01:00:26.137652,01:00:26.137652,01:00:26.138937,01:00:26.138937,01:00:26.140515,01:00:26.140515,01:00:26.150589,01:00:26.150634,01:00:26.165502,01:00:26.165502,01:00:26.174127,01:00:26.182193,01:00:26.188318,01:00:26.265942,01:00:26.266112,01:00:26.138424
128,rejected,01:00:27.820941,01:00:27.820941,01:00:27.821344,01:00:27.821344,01:00:27.822584,01:00:27.822584,01:00:27.824473,01:00:27.824473,01:00:27.834027,01:00:27.834050,01:00:27.846593,01:00:27.846593,01:00:27.852321,01:00:27.857741,01:00:27.863056,01:00:27.949495,01:00:27.949648,01:00:27.822045
128,rejected,01:00:29.424515,01:00:29.424515,01:00:29.424950,01:00:29.424950,01:00:29.426161,01:00:29.426161,01:00:29.427671,01:00:29.427671,01:00:29.436950,01:00:29.436971,01:00:29.449692,01:00:29.449692,01:00:29.455454,01:00:29.460391,01:00:29.465468,01:00:29.553238,01:00:29.553389,01:00:29.425651
128,rejected,01:00:30.902304,01:00:30.902304,01:00:30.902707,01:00:30.902707,01:00:30.903973,01:00:30.903973,01:00:30.905378,01:00:30.905378,01:00:30.915242,01:00:30.915282,01:00:30.942362,01:00:30.942362,01:00:30.947989,01:00:30.952982,01:00:30.958934,01:00:31.031006,01:00:31.031177,01:00:30.903442
128,rejected,01:00:32.449926,01:00:32.449926,01:00:32.450329,01:00:32.450329,01:00:32.451537,01:00:32.451537,01:00:32.452994,01:00:32.452994,01:00:32.462328,01:00:32.462349,01:00:32.474998,01:00:32.474998,01:00:32.480640,01:00:32.486184,01:00:32.491332,01:00:32.578861,01:00:32.579039,01:00:32.451027
128,rejected,01:00:34.051230,01:00:34.051230,01:00:34.051576,01:00:34.051576,01:00:34.053123,01:00:34.053123,01:00:34.054669,01:00:34.054669,01:00:34.064038,01:00:34.064058,01:00:34.075161,01:00:34.075161,01:00:34.081065,01:00:34.086068,01:00:34.091334,01:00:34.180058,01:00:34.180228,01:00:34.052252
256,rejected,01:00:35.521188,01:00:35.521188,01:00:35.521597,01:00:35.521597,01:00:35.522983,01:00:35.522983,01:00:35.524575,01:00:35.524575,01:00:35.534171,01:00:35.534194,01:00:35.545507,01:00:35.545507,01:00:35.551018,01:00:35.556441,01:00:35.562058,01:00:35.777825,01:00:35.777982,01:00:35.522445
256,rejected,01:00:36.988981,01:00:36.988981,01:00:36.989503,01:00:36.989503,01:00:36.990850,01:00:36.990850,01:00:36.992935,01:00:36.992935,01:00:37.002345,01:00:37.002366,01:00:37.014183,01:00:37.014183,01:00:37.021944,01:00:37.028273,01:00:37.034469,01:00:37.246050,01:00:37.246214,01:00:36.990322
256,rejected,01:00:38.535635,01:00:38.535635,01:00:38.536049,01:00:38.536049,01:00:38.537359,01:00:38.537359,01:00:38.538743,01:00:38.538743,01:00:38.548865,01:00:38.548907,01:00:38.561700,01:00:38.561700,01:00:38.567945,01:00:38.573377,01:00:38.579040,01:00:38.792521,01:00:38.792703,01:00:38.536832
256,rejected,01:00:40.242173,01:00:40.242173,01:00:40.242590,01:00:40.242590,01:00:40.243862,01:00:40.243862,01:00:40.245693,01:00:40.245693,01:00:40.255376,01:00:40.255401,01:00:40.272079,01:00:40.272079,01:00:40.278079,01:00:40.283529,01:00:40.289250,01:00:40.499032,01:00:40.499191,01:00:40.243349
256,rejected,01:00:41.780798,01:00:41.780798,01:00:41.781187,01:00:41.781187,01:00:41.782429,01:00:41.782429,01:00:41.783942,01:00:41.783942,01:00:41.793353,01:00:41.793372,01:00:41.804988,01:00:41.804988,01:00:41.811047,01:00:41.817066,01:00:41.823562,01:00:42.037344,01:00:42.037509,01:00:41.781895
256,rejected,01:00:43.256968,01:00:43.256968,01:00:43.257371,01:00:43.257371,01:00:43.258655,01:00:43.258655,01:00:43.260119,01:00:43.260119,01:00:43.271652,01:00:43.271672,01:00:43.283037,01:00:43.283037,01:00:43.288716,01:00:43.293948,01:00:43.299225,01:00:43.513635,01:00:43.513794,01:00:43.258126
256,rejected,01:00:44.854595,01:00:44.854595,01:00:44.855103,01:00:44.855103,01:00:44.856429,01:00:44.856429,01:00:44.857953,01:00:44.857953,01:00:44.867351,01:00:44.867372,01:00:44.878685,01:00:44.878685,01:00:44.884364,01:00:44.889744,01:00:44.895129,01:00:45.111236,01:00:45.111408,01:00:44.855865
256,rejected,01:00:46.314653,01:00:46.314653,01:00:46.315060,01:00:46.315060,01:00:46.316550,01:00:46.316550,01:00:46.318231,01:00:46.318231,01:00:46.327706,01:00:46.327728,01:00:46.339918,01:00:46.339918,01:00:46.345521,01:00:46.350539,01:00:46.355779,01:00:46.571162,01:00:46.571328,01:00:46.315778
256,rejected,01:00:47.922144,01:00:47.922144,01:00:47.922573,01:00:47.922573,01:00:47.923890,01:00:47.923890,01:00:47.925415,01:00:47.925415,01:00:47.935550,01:00:47.935573,01:00:47.946477,01:00:47.946477,01:00:47.952364,01:00:47.958097,01:00:47.963541,01:00:48.178825,01:00:48.178986,01:00:47.923328
256,rejected,01:00:49.525210,01:00:49.525210,01:00:49.525614,01:00:49.525614,01:00:49.527054,01:00:49.527054,01:00:49.529055,01:00:49.529055,01:00:49.538970,01:00:49.539010,01:00:49.564255,01:00:49.564255,01:00:49.571220,01:00:49.577644,01:00:49.584611,01:00:49.782188,01:00:49.782422,01:00:49.526406
512,safe,01:00:51.025861,01:00:51.025861,01:00:51.026296,01:00:51.026296,01:00:51.027542,01:00:51.027542,01:00:51.029058,01:00:51.029058,01:00:51.039591,01:00:51.039642,01:00:51.056232,01:00:51.056232,01:00:51.062504,01:00:51.068506,01:00:51.074598,01:00:51.539361,01:00:51.539544,01:00:51.027044
512,safe,01:00:52.901819,01:00:52.901819,01:00:52.902167,01:00:52.902167,01:00:52.903710,01:00:52.903710,01:00:52.905350,01:00:52.905350,01:00:52.915269,01:00:52.915291,01:00:52.926930,01:00:52.926930,01:00:52.932414,01:00:52.938114,01:00:52.943704,01:00:53.414726,01:00:53.414936,01:00:52.902878
512,safe,01:00:54.687107,01:00:54.687107,01:00:54.687491,01:00:54.687491,01:00:54.689050,01:00:54.689050,01:00:54.690493,01:00:54.690493,01:00:54.699845,01:00:54.699867,01:00:54.711733,01:00:54.711733,01:00:54.717641,01:00:54.722911,01:00:54.728422,01:00:55.199746,01:00:55.199919,01:00:54.688196
512,safe,01:00:56.562031,01:00:56.562031,01:00:56.562512,01:00:56.562512,01:00:56.563801,01:00:56.563801,01:00:56.565657,01:00:56.565657,01:00:56.575038,01:00:56.575058,01:00:56.587436,01:00:56.587436,01:00:56.593407,01:00:56.598736,01:00:56.603980,01:00:57.074999,01:00:57.075186,01:00:56.563277
512,safe,01:00:58.350732,01:00:58.350732,01:00:58.351264,01:00:58.351264,01:00:58.352789,01:00:58.352789,01:00:58.354559,01:00:58.354559,01:00:58.366645,01:00:58.366689,01:00:58.378675,01:00:58.378675,01:00:58.384809,01:00:58.390192,01:00:58.396582,01:00:58.863605,01:00:58.863772,01:00:58.352185
512,safe,01:00:59.965587,01:00:59.965587,01:00:59.966046,01:00:59.966046,01:00:59.967573,01:00:59.967573,01:00:59.969165,01:00:59.969165,01:00:59.978556,01:00:59.978578,01:00:59.993294,01:00:59.993294,01:00:59.999084,01:01:00.005431,01:01:00.011490,01:01:00.478508,01:01:00.478690,01:00:59.966821
512,safe,01:01:01.753274,01:01:01.753274,01:01:01.753712,01:01:01.753712,01:01:01.754969,01:01:01.754969,01:01:01.756500,01:01:01.756500,01:01:01.765857,01:01:01.765880,01:01:01.777734,01:01:01.777734,01:01:01.783695,01:01:01.789004,01:01:01.794371,01:01:02.266048,01:01:02.266214,01:01:01.754434
512,safe,01:01:04.641553,01:01:04.641553,01:01:04.642150,01:01:04.642150,01:01:04.643587,01:01:04.643587,01:01:04.645284,01:01:04.645284,01:01:04.654808,01:01:04.654830,01:01:04.666653,01:01:04.666653,01:01:04.672256,01:01:04.677756,01:01:04.683044,01:01:05.154108,01:01:05.154284,01:01:04.642984
512,safe,01:01:06.507124,01:01:06.507124,01:01:06.507532,01:01:06.507532,01:01:06.509044,01:01:06.509044,01:01:06.510745,01:01:06.510745,01:01:06.520267,01:01:06.520289,01:01:06.531349,01:01:06.531349,01:01:06.537244,01:01:06.542753,01:01:06.547896,01:01:07.019835,01:01:07.020006,01:01:06.508265
512,safe,01:01:08.291440,01:01:08.291440,01:01:08.291864,01:01:08.291864,01:01:08.293409,01:01:08.293409,01:01:08.295083,01:01:08.295083,01:01:08.310137,01:01:08.310160,01:01:08.322216,01:01:08.322216,01:01:08.328216,01:01:08.333388,01:01:08.338685,01:01:08.804317,01:01:08.804479,01:01:08.292523
1024,safe,01:01:10.130359,01:01:10.130359,01:01:10.130714,01:01:10.130714,01:01:10.131987,01:01:10.131987,01:01:10.133454,01:01:10.133454,01:01:10.142762,01:01:10.142781,01:01:10.154704,01:01:10.154704,01:01:10.160836,01:01:10.166223,01:01:10.171368,01:01:11.155178,01:01:11.155353,01:01:10.131408
1024,safe,01:01:12.009824,01:01:12.009824,01:01:12.010244,01:01:12.010244,01:01:12.011559,01:01:12.011559,01:01:12.013497,01:01:12.013497,01:01:12.024206,01:01:12.024264,01:01:12.046768,01:01:12.046768,01:01:12.052704,01:01:12.057846,01:01:12.063106,01:01:13.034651,01:01:13.034813,01:01:12.011030
1024,safe,01:01:13.804494,01:01:13.804494,01:01:13.805040,01:01:13.805040,01:01:13.806513,01:01:13.806513,01:01:13.808186,01:01:13.808186,01:01:13.818358,01:01:13.818383,01:01:13.829982,01:01:13.829982,01:01:13.835539,01:01:13.841048,01:01:13.846553,01:01:14.829036,01:01:14.829195,01:01:13.805845
1024,safe,01:01:15.589815,01:01:15.589815,01:01:15.590348,01:01:15.590348,01:01:15.591954,01:01:15.591954,01:01:15.593597,01:01:15.593597,01:01:15.603554,01:01:15.603578,01:01:15.615206,01:01:15.615206,01:01:15.620900,01:01:15.626054,01:01:15.631247,01:01:16.614786,01:01:16.614962,01:01:15.591136
1024,safe,01:01:17.379822,01:01:17.379822,01:01:17.380228,01:01:17.380228,01:01:17.381834,01:01:17.381834,01:01:17.383327,01:01:17.383327,01:01:17.393697,01:01:17.393717,01:01:17.405331,01:01:17.405331,01:01:17.411209,01:01:17.416630,01:01:17.421835,01:01:18.404919,01:01:18.405077,01:01:17.380947
1024,safe,01:01:20.291969,01:01:20.291969,01:01:20.292457,01:01:20.292457,01:01:20.293723,01:01:20.293723,01:01:20.295592,01:01:20.295592,01:01:20.305504,01:01:20.305524,01:01:20.317923,01:01:20.317923,01:01:20.324253,01:01:20.329492,01:01:20.334544,01:01:21.316675,01:01:21.316829,01:01:20.293165
1024,safe,01:01:23.173745,01:01:23.173745,01:01:23.174092,01:01:23.174092,01:01:23.175679,01:01:23.175679,01:01:23.177174,01:01:23.177174,01:01:23.186561,01:01:23.186582,01:01:23.198769,01:01:23.198769,01:01:23.207657,01:01:23.213919,01:01:23.220669,01:01:24.198536,01:01:24.198700,01:01:23.174830
1024,safe,01:01:24.970646,01:01:24.970646,01:01:24.970996,01:01:24.970996,01:01:24.972523,01:01:24.972523,01:01:24.974193,01:01:24.974193,01:01:24.983516,01:01:24.983537,01:01:24.998291,01:01:24.998291,01:01:25.003657,01:01:25.008579,01:01:25.013838,01:01:25.995534,01:01:25.995706,01:01:24.971668
1024,safe,01:01:26.763071,01:01:26.763071,01:01:26.763521,01:01:26.763521,01:01:26.764707,01:01:26.764707,01:01:26.766465,01:01:26.766465,01:01:26.775764,01:01:26.775785,01:01:26.786951,01:01:26.786951,01:01:26.792403,01:01:26.797752,01:01:26.802768,01:01:27.787994,01:01:27.788173,01:01:26.764189
1024,safe,01:01:28.557264,01:01:28.557264,01:01:28.557719,01:01:28.557719,01:01:28.559004,01:01:28.559004,01:01:28.560562,01:01:28.560562,01:01:28.572517,01:01:28.572539,01:01:28.583764,01:01:28.583764,01:01:28.589310,01:01:28.594607,01:01:28.599756,01:01:29.582011,01:01:29.582160,01:01:28.558475
2048,safe,01:01:30.355954,01:01:30.355954,01:01:30.356380,01:01:30.356380,01:01:30.357671,01:01:30.357671,01:01:30.359123,01:01:30.359123,01:01:30.368454,01:01:30.368475,01:01:30.380374,01:01:30.380374,01:01:30.385944,01:01:30.391254,01:01:30.396763,01:01:32.404900,01:01:32.405112,01:01:30.357153
2048,safe,01:01:32.862348,01:01:32.862348,01:01:32.862842,01:01:32.862842,01:01:32.864096,01:01:32.864096,01:01:32.865635,01:01:32.865635,01:01:32.875893,01:01:32.875912,01:01:32.887956,01:01:32.887956,01:01:32.893486,01:01:32.898919,01:01:32.904044,01:01:34.909461,01:01:34.909636,01:01:32.863579
2048,safe,01:01:35.365673,01:01:35.365673,01:01:35.366085,01:01:35.366085,01:01:35.367619,01:01:35.367619,01:01:35.369310,01:01:35.369310,01:01:35.379795,01:01:35.379819,01:01:35.391214,01:01:35.391214,01:01:35.397267,01:01:35.402465,01:01:35.407580,01:01:37.414499,01:01:37.414671,01:01:35.366782
2048,safe,01:01:37.865110,01:01:37.865110,01:01:37.865563,01:01:37.865563,01:01:37.867146,01:01:37.867146,01:01:37.868953,01:01:37.868953,01:01:37.878423,01:01:37.878445,01:01:37.902112,01:01:37.902112,01:01:37.909329,01:01:37.915699,01:01:37.923744,01:01:39.914115,01:01:39.914269,01:01:37.866347
2048,safe,01:01:40.372231,01:01:40.372231,01:01:40.372725,01:01:40.372725,01:01:40.374087,01:01:40.374087,01:01:40.375762,01:01:40.375762,01:01:40.385317,01:01:40.385338,01:01:40.397057,01:01:40.397057,01:01:40.403369,01:01:40.408808,01:01:40.413976,01:01:42.420837,01:01:42.421004,01:01:40.373514
2048,safe,01:01:42.868535,01:01:42.868535,01:01:42.868889,01:01:42.868889,01:01:42.870233,01:01:42.870233,01:01:42.872407,01:01:42.872407,01:01:42.883164,01:01:42.883188,01:01:42.894446,01:01:42.894446,01:01:42.899949,01:01:42.905109,01:01:42.910630,01:01:44.917383,01:01:44.917564,01:01:42.869650
2048,safe,01:01:45.370739,01:01:45.370739,01:01:45.371129,01:01:45.371129,01:01:45.372354,01:01:45.372354,01:01:45.374175,01:01:45.374175,01:01:45.384412,01:01:45.384436,01:01:45.396396,01:01:45.396396,01:01:45.402102,01:01:45.407569,01:01:45.412816,01:01:47.419431,01:01:47.419597,01:01:45.371813
2048,safe,01:01:47.875758,01:01:47.875758,01:01:47.876347,01:01:47.876347,01:01:47.877757,01:01:47.877757,01:01:47.879345,01:01:47.879345,01:01:47.888840,01:01:47.888861,01:01:47.900263,01:01:47.900263,01:01:47.905943,01:01:47.911331,01:01:47.916822,01:01:49.924255,01:01:49.924408,01:01:47.877214
2048,safe,01:01:50.377383,01:01:50.377383,01:01:50.377957,01:01:50.377957,01:01:50.379356,01:01:50.379356,01:01:50.381055,01:01:50.381055,01:01:50.390438,01:01:50.390465,01:01:50.401949,01:01:50.401949,01:01:50.407848,01:01:50.413269,01:01:50.418745,01:01:52.426206,01:01:52.426373,01:01:50.378721
2048,safe,01:01:52.885556,01:01:52.885556,01:01:52.885909,01:01:52.885909,01:01:52.887122,01:01:52.887122,01:01:52.888943,01:01:52.888943,01:01:52.898332,01:01:52.898352,01:01:52.913461,01:01:52.913461,01:01:52.919454,01:01:52.925063,01:01:52.930387,01:01:54.934576,01:01:54.934732,01:01:52.886591
4096,safe,01:01:55.387629,01:01:55.387629,01:01:55.388184,01:01:55.388184,01:01:55.389592,01:01:55.389592,01:01:55.391174,01:01:55.391174,01:01:55.400412,01:01:55.400432,01:01:55.411778,01:01:55.411778,01:01:55.417550,01:01:55.422465,01:01:55.427681,01:01:59.484622,01:01:59.484793,01:01:55.388843
4096,safe,01:01:59.944678,01:01:59.944678,01:01:59.945221,01:01:59.945221,01:01:59.947028,01:01:59.947028,01:01:59.948766,01:01:59.948766,01:01:59.959317,01:01:59.959352,01:01:59.972180,01:01:59.972180,01:01:59.978021,01:01:59.983568,01:01:59.988963,01:02:04.041498,01:02:04.041680,01:01:59.946144
4096,safe,01:02:04.493779,01:02:04.493779,01:02:04.494144,01:02:04.494144,01:02:04.495632,01:02:04.495632,01:02:04.497295,01:02:04.497295,01:02:04.506899,01:02:04.506922,01:02:04.518391,01:02:04.518391,01:02:04.523979,01:02:04.529500,01:02:04.534430,01:02:08.591067,01:02:08.591261,01:02:04.494857
4096,safe,01:02:09.046965,01:02:09.046965,01:02:09.047350,01:02:09.047350,01:02:09.048785,01:02:09.048785,01:02:09.050463,01:02:09.050463,01:02:09.059978,01:02:09.059999,01:02:09.071142,01:02:09.071142,01:02:09.076875,01:02:09.082367,01:02:09.087548,01:02:13.143717,01:02:13.143874,01:02:09.048032
4096,safe,01:02:13.599381,01:02:13.599381,01:02:13.599843,01:02:13.599843,01:02:13.601089,01:02:13.601089,01:02:13.603023,01:02:13.603023,01:02:13.613155,01:02:13.613175,01:02:13.624459,01:02:13.624459,01:02:13.630231,01:02:13.635542,01:02:13.640828,01:02:17.696340,01:02:17.696506,01:02:13.600573
4096,safe,01:02:18.151366,01:02:18.151366,01:02:18.151772,01:02:18.151772,01:02:18.153369,01:02:18.153369,01:02:18.155040,01:02:18.155040,01:02:18.164333,01:02:18.164352,01:02:18.187425,01:02:18.187425,01:02:18.193544,01:02:18.198736,01:02:18.204051,01:02:22.248488,01:02:22.248709,01:02:18.152530
4096,safe,01:02:22.703760,01:02:22.703760,01:02:22.704193,01:02:22.704193,01:02:22.705746,01:02:22.705746,01:02:22.707354,01:02:22.707354,01:02:22.717025,01:02:22.717047,01:02:22.729192,01:02:22.729192,01:02:22.735199,01:02:22.740329,01:02:22.745575,01:02:26.800551,01:02:26.800708,01:02:22.704928
4096,safe,01:02:27.256092,01:02:27.256092,01:02:27.256508,01:02:27.256508,01:02:27.258000,01:02:27.258000,01:02:27.259548,01:02:27.259548,01:02:27.269028,01:02:27.269052,01:02:27.280946,01:02:27.280946,01:02:27.286457,01:02:27.291843,01:02:27.297001,01:02:31.353056,01:02:31.353234,01:02:27.257243
4096,safe,01:02:31.808809,01:02:31.808809,01:02:31.809212,01:02:31.809212,01:02:31.810702,01:02:31.810702,01:02:31.812243,01:02:31.812243,01:02:31.821984,01:02:31.822009,01:02:31.833883,01:02:31.833883,01:02:31.839939,01:02:31.845133,01:02:31.850386,01:02:35.904003,01:02:35.904168,01:02:31.809893
4096,safe,01:02:36.364802,01:02:36.364802,01:02:36.365376,01:02:36.365376,01:02:36.366770,01:02:36.366770,01:02:36.368429,01:02:36.368429,01:02:36.378256,01:02:36.378280,01:02:36.389919,01:02:36.389919,01:02:36.396274,01:02:36.402190,01:02:36.407441,01:02:40.461656,01:02:40.461830,01:02:36.366082
8192,safe,01:02:40.918912,01:02:40.918912,01:02:40.919295,01:02:40.919295,01:02:40.920786,01:02:40.920786,01:02:40.922513,01:02:40.922513,01:02:40.932320,01:02:40.932345,01:02:40.944349,01:02:40.944349,01:02:40.950269,01:02:40.955767,01:02:40.961195,01:02:49.112746,01:02:49.112939,01:02:40.919999
8192,safe,01:02:49.593770,01:02:49.593770,01:02:49.594391,01:02:49.594391,01:02:49.595976,01:02:49.595976,01:02:49.598561,01:02:49.598561,01:02:49.608163,01:02:49.608184,01:02:49.624934,01:02:49.624934,01:02:49.631022,01:02:49.636366,01:02:49.642610,01:02:57.803562,01:02:57.803722,01:02:49.595177
8192,safe,01:02:58.284171,01:02:58.284171,01:02:58.284595,01:02:58.284595,01:02:58.285868,01:02:58.285868,01:02:58.288290,01:02:58.288290,01:02:58.298349,01:02:58.298369,01:02:58.309883,01:02:58.309883,01:02:58.315477,01:02:58.321208,01:02:58.326584,01:03:06.489537,01:03:06.489689,01:02:58.285326
8192,safe,01:03:06.958077,01:03:06.958077,01:03:06.958597,01:03:06.958597,01:03:06.960172,01:03:06.960172,01:03:06.962740,01:03:06.962740,01:03:06.974551,01:03:06.974575,01:03:06.985496,01:03:06.985496,01:03:06.991051,01:03:06.996498,01:03:07.001760,01:03:15.164088,01:03:15.164261,01:03:06.959344
8192,safe,01:03:15.647195,01:03:15.647195,01:03:15.647622,01:03:15.647622,01:03:15.649170,01:03:15.649170,01:03:15.651613,01:03:15.651613,01:03:15.660959,01:03:15.660979,01:03:15.671804,01:03:15.671804,01:03:15.677320,01:03:15.682408,01:03:15.687471,01:03:23.864880,01:03:23.865103,01:03:15.648336
8192,safe,01:03:24.333319,01:03:24.333319,01:03:24.333770,01:03:24.333770,01:03:24.335427,01:03:24.335427,01:03:24.338014,01:03:24.338014,01:03:24.347703,01:03:24.347730,01:03:24.359511,01:03:24.359511,01:03:24.365094,01:03:24.370380,01:03:24.375586,01:03:32.542965,01:03:32.543156,01:03:24.334543
8192,safe,01:03:33.024941,01:03:33.024941,01:03:33.025343,01:03:33.025343,01:03:33.026545,01:03:33.026545,01:03:33.029199,01:03:33.029199,01:03:33.038619,01:03:33.038640,01:03:33.049893,01:03:33.049893,01:03:33.055720,01:03:33.061044,01:03:33.066340,01:03:41.230690,01:03:41.230851,01:03:33.026009
8192,safe,01:03:41.699620,01:03:41.699620,01:03:41.700068,01:03:41.700068,01:03:41.701288,01:03:41.701288,01:03:41.704026,01:03:41.704026,01:03:41.714266,01:03:41.714290,01:03:41.738137,01:03:41.738137,01:03:41.743817,01:03:41.749125,01:03:41.754716,01:03:49.911029,01:03:49.911202,01:03:41.700750
8192,safe,01:03:50.403809,01:03:50.403809,01:03:50.404245,01:03:50.404245,01:03:50.405766,01:03:50.405766,01:03:50.408303,01:03:50.408303,01:03:50.417701,01:03:50.417721,01:03:50.430177,01:03:50.430177,01:03:50.435779,01:03:50.441148,01:03:50.446459,01:03:58.597421,01:03:58.597588,01:03:50.404950
8192,safe,01:03:59.082773,01:03:59.082773,01:03:59.083283,01:03:59.083283,01:03:59.084699,01:03:59.084699,01:03:59.087055,01:03:59.087055,01:03:59.097531,01:03:59.097550,01:03:59.109144,01:03:59.109144,01:03:59.115013,01:03:59.120218,01:03:59.125820,01:04:07.293837,01:04:07.294022,01:03:59.083967
